"SA2_CODE21","SA2_NAME21","SA3_NAME21","SA4_NAME21","population","AREASQKM21","provider_type","provider_note","is_provider_confirmed","is_metro","irsd_score","irsd_decile","irsad_score","irsad_decile","ier_score","ier_decile","ieo_score","ieo_decile","median_hhd_inc_weekly_2021","median_hhd_inc_annual_2021","median_hhd_inc_annual_adj","bill_usage_only","bill_usage_supply","bill_owner_metro","bill_owner_country","bill_owner_blended","water_cost_burden_ratio","burden_ratio_renter","burden_ratio_owner_metro","burden_ratio_owner_country","burden_tier_abs","burden_tier_rel","estimated_hardship_need","hardship_priority_score","top_critical_driver","top_critical_driver_shap","water_cost_burden_pct","burden_ratio_owner_metro_pct","burden_ratio_owner_country_pct","burden_ratio_renter_pct","hardship_priority_pct","tier_order_rel","tier_order_abs","hardship_priority_flag"
"401011001","Adelaide","Adelaide City","Adelaide - Central and Hills","18202.0","10.4824","SA Water","","0","1","980.0","4.0","1045.0","7.0","814.0","1.0","1134.0","10.0","1365","70980","81098.0","472.63","787.03","1160.23","1343.83","1160.23","0.014307","0.009705","0.014307","0.01657","Low","Moderate","25.3","1.4517","IRSAD (Adv/Disadv)","-0.0881116021518874","1.43","1.43","1.66","0.97","145.17","3","4","0"
"401011002","North Adelaide","Adelaide City","Adelaide - Central and Hills","6823.0","5.0909","SA Water","","0","1","1058.0","8.0","1088.0","9.0","960.0","3.0","1145.0","10.0","1867","97084","110923.0","472.63","787.03","1160.23","1343.83","1160.23","0.01046","0.007095","0.01046","0.012115","Low","Low","2.4","0.4545","IRSAD (Adv/Disadv)","-0.0736864691364791","1.05","1.05","1.21","0.71","45.45","4","4","0"
"401021003","Adelaide Hills","Adelaide Hills","Adelaide - Central and Hills","7051.0","364.439","SA Water","","0","1","1062.0","8.0","1029.0","7.0","1077.0","9.0","1009.0","6.0","1905","99060","113180.0","472.63","787.03","1160.23","1343.83","1160.23","0.010251","0.006954","0.010251","0.011873","Low","Low","2.4","0.4414","IRSAD (Adv/Disadv)","-0.0687444699781499","1.03","1.03","1.19","0.7","44.14","4","4","0"
"401021004","Aldgate - Stirling","Adelaide Hills","Adelaide - Central and Hills","18208.0","117.2141","SA Water","","0","1","1100.0","10.0","1098.0","9.0","1101.0","10.0","1116.0","9.0","2297","119444","136470.0","472.63","787.03","1160.23","1343.83","1160.23","0.008502","0.005767","0.008502","0.009847","Low","Low","6.3","0.3316","IRSAD (Adv/Disadv)","-0.060979005947921","0.85","0.85","0.98","0.58","33.16","4","4","0"
"401021005","Hahndorf - Echunga","Adelaide Hills","Adelaide - Central and Hills","4726.0","110.1516","SA Water","","0","1","1066.0","9.0","1047.0","8.0","1069.0","9.0","1042.0","7.0","1926","100152","114428.0","472.63","787.03","1160.23","1343.83","1160.23","0.010139","0.006878","0.010139","0.011744","Low","Low","1.6","0.4343","IRSAD (Adv/Disadv)","-0.074876460331013","1.01","1.01","1.17","0.69","43.43","4","4","0"
"401021006","Lobethal - Woodside","Adelaide Hills","Adelaide - Central and Hills","9448.0","202.4981","SA Water","","0","1","1054.0","8.0","1019.0","6.0","1051.0","8.0","1012.0","6.0","1691","87932","100466.0","472.63","787.03","1160.23","1343.83","1160.23","0.011548","0.007834","0.011548","0.013376","Low","Moderate","13.1","1.0076","IER (Econ Resources)","-0.0693866757847108","1.15","1.15","1.34","0.78","100.76","3","4","0"
"401021007","Mount Barker","Adelaide Hills","Adelaide - Central and Hills","22113.0","54.1038","SA Water","","0","1","1028.0","6.0","997.0","6.0","1022.0","7.0","999.0","6.0","1698","88296","100882.0","472.63","787.03","1160.23","1343.83","1160.23","0.011501","0.007801","0.011501","0.013321","Low","Moderate","30.7","1.0","IRSAD (Adv/Disadv)","-0.063108420792662","1.15","1.15","1.33","0.78","100.0","3","4","0"
"401021008","Mount Barker Surrounds","Adelaide Hills","Adelaide - Central and Hills","6825.0","395.6659","SA Water","","0","1","1047.0","7.0","1006.0","6.0","1068.0","9.0","989.0","6.0","1784","92768","105991.0","472.63","787.03","1160.23","1343.83","1160.23","0.010946","0.007425","0.010946","0.012679","Low","Low","2.4","0.485","IER (Econ Resources)","-0.0728454041170205","1.09","1.09","1.27","0.74","48.5","4","4","0"
"401021009","Nairne","Adelaide Hills","Adelaide - Central and Hills","5327.0","24.8562","SA Water","","0","1","1034.0","7.0","991.0","5.0","1035.0","7.0","990.0","6.0","1776","92352","105516.0","472.63","787.03","1160.23","1343.83","1160.23","0.010996","0.007459","0.010996","0.012736","Low","Low","1.8","0.4881","IER (Econ Resources)","-0.0778335142396998","1.1","1.1","1.27","0.75","48.81","4","4","0"
"401021010","Uraidla - Summertown","Adelaide Hills","Adelaide - Central and Hills","6042.0","119.1882","SA Water","","0","1","1087.0","10.0","1081.0","9.0","1083.0","9.0","1090.0","9.0","2181","113412","129578.0","472.63","787.03","1160.23","1343.83","1160.23","0.008954","0.006074","0.008954","0.010371","Low","Low","2.1","0.3599","IER (Econ Resources)","-0.0673707289838166","0.9","0.9","1.04","0.61","35.99","4","4","0"
"401031011","Burnside - Wattle Park","Burnside","Adelaide - Central and Hills","19066.0","11.305","SA Water","","0","1","1082.0","9.0","1099.0","9.0","1055.0","8.0","1124.0","9.0","2086","108472","123934.0","472.63","787.03","1160.23","1343.83","1160.23","0.009362","0.00635","0.009362","0.010843","Low","Low","6.6","0.3855","IRSAD (Adv/Disadv)","-0.0590542928700061","0.94","0.94","1.08","0.64","38.55","4","4","0"
"401031012","Beaumont - Glen Osmond","Burnside","Adelaide - Central and Hills","10328.0","9.5264","SA Water","","0","1","1095.0","10.0","1118.0","10.0","1085.0","9.0","1139.0","10.0","2326","120952","138193.0","472.63","787.03","1160.23","1343.83","1160.23","0.008396","0.005695","0.008396","0.009724","Low","Low","3.6","0.3249","IRSAD (Adv/Disadv)","-0.0721079274775723","0.84","0.84","0.97","0.57","32.49","4","4","0"
"401031013","Toorak Gardens","Burnside","Adelaide - Central and Hills","16635.0","6.6869","SA Water","","0","1","1075.0","9.0","1095.0","9.0","1023.0","7.0","1133.0","10.0","1929","100308","114606.0","472.63","787.03","1160.23","1343.83","1160.23","0.010124","0.006867","0.010124","0.011726","Low","Low","5.8","0.4334","IRSAD (Adv/Disadv)","-0.0553295009905297","1.01","1.01","1.17","0.69","43.34","4","4","0"
"401041014","Athelstone","Campbelltown (SA)","Adelaide - Central and Hills","9601.0","6.204","SA Water","","0","1","1064.0","9.0","1037.0","7.0","1054.0","8.0","1029.0","7.0","1941","100932","115319.0","472.63","787.03","1160.23","1343.83","1160.23","0.010061","0.006825","0.010061","0.011653","Low","Low","3.3","0.4294","IRSAD (Adv/Disadv)","-0.0630075937468165","1.01","1.01","1.17","0.68","42.94","4","4","0"
"401041015","Paradise - Newton","Campbelltown (SA)","Adelaide - Central and Hills","21601.0","9.2256","SA Water","","0","1","998.0","5.0","986.0","5.0","963.0","3.0","1005.0","6.0","1427","74204","84781.0","472.63","787.03","1160.23","1343.83","1160.23","0.013685","0.009283","0.013685","0.015851","Low","Moderate","30.0","1.3516","IEO (Education/Occ)","-0.0915750650872707","1.37","1.37","1.59","0.93","135.16","3","4","0"
"401041016","Rostrevor - Magill","Campbelltown (SA)","Adelaide - Central and Hills","23968.0","9.9383","SA Water","","0","1","1027.0","6.0","1027.0","7.0","990.0","5.0","1054.0","8.0","1644","85488","97674.0","472.63","787.03","1160.23","1343.83","1160.23","0.011879","0.008058","0.011879","0.013758","Low","Moderate","33.3","1.0608","IRSAD (Adv/Disadv)","-0.0743891821365741","1.19","1.19","1.38","0.81","106.08","3","4","0"
"401051017","Norwood (SA)","Norwood - Payneham - St Peters","Adelaide - Central and Hills","10849.0","3.8926","SA Water","","0","1","1038.0","7.0","1060.0","8.0","946.0","3.0","1114.0","9.0","1653","85956","98208.0","472.63","787.03","1160.23","1343.83","1160.23","0.011814","0.008014","0.011814","0.013684","Low","Moderate","15.1","1.0504","IRSAD (Adv/Disadv)","-0.0804836867004772","1.18","1.18","1.37","0.8","105.04","3","4","0"
"401051018","Payneham - Felixstow","Norwood - Payneham - St Peters","Adelaide - Central and Hills","13122.0","5.2284","SA Water","","0","1","1019.0","6.0","1020.0","6.0","965.0","3.0","1049.0","8.0","1476","76752","87692.0","472.63","787.03","1160.23","1343.83","1160.23","0.013231","0.008975","0.013231","0.015324","Low","Moderate","18.2","1.2785","IEO (Education/Occ)","-0.0863138798049261","1.32","1.32","1.53","0.9","127.85","3","4","0"
"401051019","St Peters - Marden","Norwood - Payneham - St Peters","Adelaide - Central and Hills","13515.0","5.9826","SA Water","","0","1","1058.0","8.0","1077.0","9.0","1005.0","6.0","1111.0","9.0","1879","97708","111636.0","472.63","787.03","1160.23","1343.83","1160.23","0.010393","0.00705","0.010393","0.012038","Low","Low","4.7","0.4503","IRSAD (Adv/Disadv)","-0.0601133982443504","1.04","1.04","1.2","0.7","45.03","4","4","0"
"401061020","Nailsworth - Broadview","Prospect - Walkerville","Adelaide - Central and Hills","6484.0","2.3161","SA Water","","0","1","1053.0","8.0","1053.0","8.0","1001.0","5.0","1081.0","8.0","1967","102284","116864.0","472.63","787.03","1160.23","1343.83","1160.23","0.009928","0.006735","0.009928","0.011499","Low","Low","2.2","0.4211","IRSAD (Adv/Disadv)","-0.0605079999009317","0.99","0.99","1.15","0.67","42.11","4","4","0"
"401061021","Prospect","Prospect - Walkerville","Adelaide - Central and Hills","15785.0","5.4754","SA Water","","0","1","1055.0","8.0","1060.0","8.0","1000.0","5.0","1086.0","9.0","2019","104988","119953.0","472.63","787.03","1160.23","1343.83","1160.23","0.009672","0.006561","0.009672","0.011203","Low","Low","5.5","0.405","IRSAD (Adv/Disadv)","-0.0592324714905739","0.97","0.97","1.12","0.66","40.5","4","4","0"
"401061022","Walkerville","Prospect - Walkerville","Adelaide - Central and Hills","8023.0","3.53","SA Water","","0","1","1075.0","9.0","1097.0","9.0","1035.0","7.0","1123.0","9.0","2052","106704","121914.0","472.63","787.03","1160.23","1343.83","1160.23","0.009517","0.006456","0.009517","0.011023","Low","Low","2.8","0.3953","IRSAD (Adv/Disadv)","-0.0613058089962254","0.95","0.95","1.1","0.65","39.53","4","4","0"
"401071023","Goodwood - Millswood","Unley","Adelaide - Central and Hills","17650.0","7.1977","SA Water","","0","1","1066.0","9.0","1078.0","9.0","1011.0","6.0","1112.0","9.0","2001","104052","118884.0","472.63","787.03","1160.23","1343.83","1160.23","0.009759","0.00662","0.009759","0.011304","Low","Low","6.1","0.4105","IRSAD (Adv/Disadv)","-0.0546062583969065","0.98","0.98","1.13","0.66","41.05","4","4","0"
"401071024","Unley - Parkside","Unley","Adelaide - Central and Hills","20998.0","7.0726","SA Water","","0","1","1068.0","9.0","1089.0","9.0","1016.0","6.0","1124.0","9.0","1998","103896","118706.0","472.63","787.03","1160.23","1343.83","1160.23","0.009774","0.00663","0.009774","0.011321","Low","Low","7.3","0.4114","IRSAD (Adv/Disadv)","-0.0537544257681847","0.98","0.98","1.13","0.66","41.14","4","4","0"
"402011025","Gawler - North","Gawler - Two Wells","Adelaide - North","9545.0","145.5294","SA Water","","0","1","1024.0","6.0","979.0","5.0","1045.0","8.0","949.0","4.0","1770","92040","105160.0","472.63","787.03","1160.23","1343.83","1160.23","0.011033","0.007484","0.011033","0.012779","Low","Low","3.3","0.4905","IER (Econ Resources)","-0.0997073173187657","1.1","1.1","1.28","0.75","49.05","4","4","0"
"402011026","Gawler - South","Gawler - Two Wells","Adelaide - North","21662.0","76.7139","SA Water","","0","1","962.0","3.0","934.0","3.0","971.0","4.0","930.0","3.0","1336","69472","79375.0","472.63","787.03","1160.23","1343.83","1160.23","0.014617","0.009915","0.014617","0.01693","Low","Moderate","30.1","1.5016","Population","-0.0861313688492416","1.46","1.46","1.69","0.99","150.16","3","4","0"
"402011027","Lewiston - Two Wells","Gawler - Two Wells","Adelaide - North","6505.0","84.6217","SA Water","","0","1","1009.0","5.0","958.0","4.0","1068.0","9.0","900.0","2.0","1908","99216","113358.0","472.63","787.03","1160.23","1343.83","1160.23","0.010235","0.006943","0.010235","0.011855","Low","Low","2.3","0.4404","IER (Econ Resources)","-0.1258615571990238","1.02","1.02","1.19","0.69","44.04","4","4","0"
"402021028","Craigmore - Blakeview","Playford","Adelaide - North","19920.0","11.8809","SA Water","","0","1","953.0","3.0","919.0","2.0","992.0","5.0","897.0","2.0","1600","83200","95060.0","472.63","787.03","1160.23","1343.83","1160.23","0.012205","0.008279","0.012205","0.014137","Low","Moderate","27.6","1.1133","Population","-0.123680306291927","1.22","1.22","1.41","0.83","111.33","3","4","0"
"402021029","Davoren Park","Playford","Adelaide - North","18313.0","9.4649","SA Water","","0","1","792.0","1.0","799.0","1.0","862.0","1.0","811.0","1.0","1161","60372","68978.0","472.63","787.03","1160.23","1343.83","1160.23","0.01682","0.01141","0.01682","0.019482","Low","Moderate","25.4","1.8562","Population","-0.2027148982674223","1.68","1.68","1.95","1.14","185.62","3","4","0"
"402021030","Elizabeth","Playford","Adelaide - North","10829.0","9.2607","SA Water","","0","1","646.0","1.0","717.0","1.0","758.0","1.0","773.0","1.0","827","43004","49134.0","472.63","787.03","1160.23","1343.83","1160.23","0.023614","0.016018","0.023614","0.02735","Moderate","Critical","60.1","5.4786","IRSD (Disadvantage)","0.0988992401966864","2.36","2.36","2.74","1.6","547.86","1","3","1"
"402021031","Elizabeth East","Playford","Adelaide - North","14047.0","8.1823","SA Water","","0","1","834.0","1.0","838.0","1.0","894.0","1.0","845.0","1.0","1188","61776","70582.0","472.63","787.03","1160.23","1343.83","1160.23","0.016438","0.011151","0.016438","0.019039","Low","Moderate","19.5","1.7948","Area (km²)","-0.1389015795834575","1.64","1.64","1.9","1.12","179.48","3","4","0"
"402021032","Munno Para West - Angle Vale","Playford","Adelaide - North","16215.0","44.3107","SA Water","","0","1","963.0","3.0","930.0","3.0","995.0","5.0","907.0","2.0","1653","85956","98208.0","472.63","787.03","1160.23","1343.83","1160.23","0.011814","0.008014","0.011814","0.013684","Low","Moderate","22.5","1.0504","Population","-0.072267592975808","1.18","1.18","1.37","0.8","105.04","3","4","0"
"402021033","One Tree Hill","Playford","Adelaide - North","2473.0","130.1511","SA Water","","0","1","1082.0","9.0","1042.0","7.0","1113.0","10.0","1001.0","6.0","2277","118404","135282.0","472.63","787.03","1160.23","1343.83","1160.23","0.008576","0.005818","0.008576","0.009934","Low","Low","0.9","0.3362","IRSAD (Adv/Disadv)","-0.0736765442987231","0.86","0.86","0.99","0.58","33.62","4","4","0"
"402021034","Smithfield - Elizabeth North","Playford","Adelaide - North","12446.0","7.987","SA Water","","0","1","732.0","1.0","756.0","1.0","804.0","1.0","780.0","1.0","939","48828","55788.0","472.63","787.03","1160.23","1343.83","1160.23","0.020797","0.014108","0.020797","0.024088","Moderate","High","34.5","3.5686","Area (km²)","-0.123457122725929","2.08","2.08","2.41","1.41","356.86","2","3","1"
"402021035","Virginia - Waterloo Corner","Playford","Adelaide - North","5693.0","135.5661","SA Water","","0","1","958.0","3.0","939.0","3.0","1015.0","6.0","917.0","2.0","1387","72124","82405.0","472.63","787.03","1160.23","1343.83","1160.23","0.01408","0.009551","0.01408","0.016308","Low","Moderate","7.9","1.4152","IER (Econ Resources)","-0.1378135788349372","1.41","1.41","1.63","0.96","141.52","3","4","0"
"402031036","Enfield - Blair Athol","Port Adelaide - East","Adelaide - North","25578.0","15.1765","SA Water","","0","1","904.0","2.0","924.0","2.0","902.0","1.0","966.0","5.0","1428","74256","84841.0","472.63","787.03","1160.23","1343.83","1160.23","0.013675","0.009277","0.013675","0.015839","Low","Moderate","35.5","1.35","Population","-0.1238086901221615","1.37","1.37","1.58","0.93","135.0","3","4","0"
"402031038","Windsor Gardens","Port Adelaide - East","Adelaide - North","22587.0","8.4298","SA Water","","0","1","998.0","5.0","992.0","5.0","953.0","3.0","1025.0","7.0","1595","82940","94762.0","472.63","787.03","1160.23","1343.83","1160.23","0.012244","0.008305","0.012244","0.014181","Low","Moderate","31.3","1.1196","IEO (Education/Occ)","-0.0807790346230873","1.22","1.22","1.42","0.83","111.96","3","4","0"
"402031175","Northgate - Northfield","Port Adelaide - East","Adelaide - North","18188.0","6.5508","SA Water","","0","1","1010.0","5.0","1007.0","6.0","983.0","4.0","1035.0","7.0","1759","91468","104506.0","472.63","787.03","1160.23","1343.83","1160.23","0.011102","0.007531","0.011102","0.012859","Low","Low","6.3","0.4948","IEO (Education/Occ)","-0.0782472213686006","1.11","1.11","1.29","0.75","49.48","4","4","0"
"402031176","Valley View - Gilles Plains","Port Adelaide - East","Adelaide - North","10504.0","4.683","SA Water","","0","1","978.0","4.0","957.0","4.0","967.0","4.0","964.0","5.0","1469","76388","87277.0","472.63","787.03","1160.23","1343.83","1160.23","0.013294","0.009018","0.013294","0.015397","Low","Moderate","14.6","1.2886","Area (km²)","-0.0663970610479701","1.33","1.33","1.54","0.9","128.86","3","4","0"
"402041039","Dry Creek - North","Salisbury","Adelaide - North","","38.5669","SA Water","","0","1","","","","","","","","","0","0","","472.63","787.03","1160.23","1343.83","1160.23","","","","","Unknown","Unknown","","","","","","","","","","5","5","0"
"402041040","Ingle Farm","Salisbury","Adelaide - North","15681.0","7.4263","SA Water","","0","1","954.0","3.0","929.0","3.0","959.0","3.0","923.0","3.0","1344","69888","79850.0","472.63","787.03","1160.23","1343.83","1160.23","0.01453","0.009856","0.01453","0.016829","Low","Moderate","21.8","1.4876","Area (km²)","-0.1153447155771577","1.45","1.45","1.68","0.99","148.76","3","4","0"
"402041041","Para Hills","Salisbury","Adelaide - North","15094.0","10.173","SA Water","","0","1","959.0","3.0","931.0","3.0","983.0","4.0","919.0","3.0","1444","75088","85791.0","472.63","787.03","1160.23","1343.83","1160.23","0.013524","0.009174","0.013524","0.015664","Low","Moderate","20.9","1.3257","Population","-0.062060361686364","1.35","1.35","1.57","0.92","132.57","3","4","0"
"402041042","Parafield","Salisbury","Adelaide - North","","4.6289","SA Water","","0","1","","","","","","","","","0","0","","472.63","787.03","1160.23","1343.83","1160.23","","","","","Unknown","Unknown","","","","","","","","","","5","5","0"
"402041043","Parafield Gardens","Salisbury","Adelaide - North","18467.0","7.0272","SA Water","","0","1","880.0","1.0","884.0","1.0","946.0","3.0","891.0","2.0","1384","71968","82226.0","472.63","787.03","1160.23","1343.83","1160.23","0.01411","0.009572","0.01411","0.016343","Low","Moderate","25.6","1.42","Population","-0.1554412492379205","1.41","1.41","1.63","0.96","142.0","3","4","0"
"402041044","Paralowie","Salisbury","Adelaide - North","17816.0","8.3213","SA Water","","0","1","888.0","1.0","878.0","1.0","959.0","3.0","867.0","1.0","1458","75816","86623.0","472.63","787.03","1160.23","1343.83","1160.23","0.013394","0.009086","0.013394","0.015514","Low","Moderate","24.7","1.3047","Population","-0.174179695251165","1.34","1.34","1.55","0.91","130.47","3","4","0"
"402041046","Salisbury","Salisbury","Adelaide - North","18594.0","10.7696","SA Water","","0","1","803.0","1.0","827.0","1.0","876.0","1.0","851.0","1.0","1071","55692","63630.0","472.63","787.03","1160.23","1343.83","1160.23","0.018234","0.012369","0.018234","0.021119","Low","High","51.6","2.1969","Population","-0.2146354736711529","1.82","1.82","2.11","1.24","219.69","2","4","1"
"402041047","Salisbury East","Salisbury","Adelaide - North","18454.0","14.8505","SA Water","","0","1","940.0","2.0","916.0","2.0","973.0","4.0","905.0","2.0","1339","69628","79553.0","472.63","787.03","1160.23","1343.83","1160.23","0.014584","0.009893","0.014584","0.016892","Low","Moderate","25.6","1.4963","Population","-0.142268251418914","1.46","1.46","1.69","0.99","149.63","3","4","0"
"402041048","Salisbury North","Salisbury","Adelaide - North","18487.0","31.3003","SA Water","","0","1","829.0","1.0","836.0","1.0","908.0","1.0","846.0","1.0","1255","65260","74562.0","472.63","787.03","1160.23","1343.83","1160.23","0.015561","0.010555","0.015561","0.018023","Low","Moderate","25.7","1.6536","Population","-0.1997781387275034","1.56","1.56","1.8","1.06","165.36","3","4","0"
"402041171","Mawson Lakes - Globe Derby Park","Salisbury","Adelaide - North","13855.0","9.6165","SA Water","","0","1","1033.0","7.0","1026.0","7.0","997.0","5.0","1046.0","7.0","1913","99476","113656.0","472.63","787.03","1160.23","1343.83","1160.23","0.010208","0.006925","0.010208","0.011824","Low","Low","4.8","0.4387","IRSAD (Adv/Disadv)","-0.0820804123311216","1.02","1.02","1.18","0.69","43.87","4","4","0"
"402041172","Pooraka - Cavan","Salisbury","Adelaide - North","8080.0","7.4904","SA Water","","0","1","911.0","2.0","906.0","2.0","932.0","2.0","924.0","3.0","1263","65676","75038.0","472.63","787.03","1160.23","1343.83","1160.23","0.015462","0.010488","0.015462","0.017909","Low","Moderate","11.2","1.6376","Area (km²)","-0.1573652495704075","1.55","1.55","1.79","1.05","163.76","3","4","0"
"402051049","Golden Grove","Tea Tree Gully","Adelaide - North","10406.0","26.6144","SA Water","","0","1","1043.0","7.0","1016.0","6.0","1035.0","7.0","1004.0","6.0","1674","87048","99456.0","472.63","787.03","1160.23","1343.83","1160.23","0.011666","0.007913","0.011666","0.013512","Low","Moderate","14.4","1.0266","IRSAD (Adv/Disadv)","-0.0781864270071172","1.17","1.17","1.35","0.79","102.66","3","4","0"
"402051050","Greenwith","Tea Tree Gully","Adelaide - North","9017.0","6.0371","SA Water","","0","1","1039.0","7.0","1004.0","6.0","1033.0","7.0","991.0","6.0","1937","100724","115081.0","472.63","787.03","1160.23","1343.83","1160.23","0.010082","0.006839","0.010082","0.011677","Low","Low","3.1","0.4308","IRSAD (Adv/Disadv)","-0.068706334129233","1.01","1.01","1.17","0.68","43.08","4","4","0"
"402051051","Highbury - Dernancourt","Tea Tree Gully","Adelaide - North","11048.0","12.001","SA Water","","0","1","1068.0","9.0","1042.0","7.0","1055.0","8.0","1041.0","7.0","1920","99840","114071.0","472.63","787.03","1160.23","1343.83","1160.23","0.010171","0.006899","0.010171","0.011781","Low","Low","3.8","0.4363","IRSAD (Adv/Disadv)","-0.0702267717225214","1.02","1.02","1.18","0.69","43.63","4","4","0"
"402051052","Hope Valley - Modbury","Tea Tree Gully","Adelaide - North","17496.0","10.3125","SA Water","","0","1","987.0","4.0","960.0","4.0","962.0","3.0","959.0","4.0","1314","68328","78068.0","472.63","787.03","1160.23","1343.83","1160.23","0.014862","0.010081","0.014862","0.017214","Low","Moderate","24.3","1.541","Population","-0.1007174981794703","1.49","1.49","1.72","1.01","154.1","3","4","0"
"402051053","Modbury Heights","Tea Tree Gully","Adelaide - North","19248.0","9.9089","SA Water","","0","1","1030.0","6.0","992.0","5.0","1013.0","6.0","983.0","5.0","1657","86164","98446.0","472.63","787.03","1160.23","1343.83","1160.23","0.011785","0.007995","0.011785","0.01365","Low","Moderate","26.7","1.0457","IRSAD (Adv/Disadv)","-0.0630513031700973","1.18","1.18","1.36","0.8","104.57","3","4","0"
"402051054","Redwood Park","Tea Tree Gully","Adelaide - North","16276.0","14.1403","SA Water","","0","1","1048.0","8.0","1000.0","6.0","1038.0","8.0","974.0","5.0","1818","94536","108011.0","472.63","787.03","1160.23","1343.83","1160.23","0.010742","0.007287","0.010742","0.012442","Low","Low","5.6","0.4722","IER (Econ Resources)","-0.0604489341790325","1.07","1.07","1.24","0.73","47.22","4","4","0"
"402051055","St Agnes - Ridgehaven","Tea Tree Gully","Adelaide - North","13161.0","12.2999","SA Water","","0","1","1024.0","6.0","986.0","5.0","1005.0","6.0","977.0","5.0","1492","77584","88643.0","472.63","787.03","1160.23","1343.83","1160.23","0.013089","0.008879","0.013089","0.01516","Low","Moderate","18.3","1.2556","IER (Econ Resources)","-0.0744542468045855","1.31","1.31","1.52","0.89","125.56","3","4","0"
"403011056","Brighton (SA)","Holdfast Bay","Adelaide - South","15191.0","5.9168","SA Water","","0","1","1048.0","7.0","1043.0","7.0","1013.0","6.0","1065.0","8.0","1673","86996","99397.0","472.63","787.03","1160.23","1343.83","1160.23","0.011673","0.007918","0.011673","0.01352","Low","Moderate","21.1","1.0277","IRSAD (Adv/Disadv)","-0.0581188704322045","1.17","1.17","1.35","0.79","102.77","3","4","0"
"403011057","Glenelg (SA)","Holdfast Bay","Adelaide - South","20522.0","7.2232","SA Water","","0","1","1047.0","7.0","1046.0","7.0","988.0","5.0","1062.0","8.0","1562","81224","92802.0","472.63","787.03","1160.23","1343.83","1160.23","0.012502","0.008481","0.012502","0.014481","Low","Moderate","28.5","1.1611","IRSAD (Adv/Disadv)","-0.0610513379032879","1.25","1.25","1.45","0.85","116.11","3","4","0"
"403021058","Edwardstown","Marion","Adelaide - South","14563.0","5.5375","SA Water","","0","1","985.0","4.0","983.0","5.0","924.0","2.0","1022.0","7.0","1452","75504","86267.0","472.63","787.03","1160.23","1343.83","1160.23","0.013449","0.009123","0.013449","0.015578","Low","Moderate","20.2","1.3136","IEO (Education/Occ)","-0.0819022701017649","1.34","1.34","1.56","0.91","131.36","3","4","0"
"403021059","Hallett Cove","Marion","Adelaide - South","12609.0","9.2762","SA Water","","0","1","1057.0","8.0","1025.0","7.0","1052.0","8.0","1011.0","6.0","1876","97552","111457.0","472.63","787.03","1160.23","1343.83","1160.23","0.01041","0.007061","0.01041","0.012057","Low","Low","4.4","0.4513","IRSAD (Adv/Disadv)","-0.0668132061444848","1.04","1.04","1.21","0.71","45.13","4","4","0"
"403021060","Marino - Seaview Downs","Marion","Adelaide - South","9703.0","12.2123","SA Water","","0","1","1060.0","8.0","1038.0","7.0","1042.0","8.0","1041.0","7.0","1821","94692","108190.0","472.63","787.03","1160.23","1343.83","1160.23","0.010724","0.007275","0.010724","0.012421","Low","Low","3.4","0.4711","IRSAD (Adv/Disadv)","-0.0721563670285429","1.07","1.07","1.24","0.73","47.11","4","4","0"
"403021061","Mitchell Park","Marion","Adelaide - South","16516.0","7.5686","SA Water","","0","1","959.0","3.0","957.0","4.0","914.0","2.0","999.0","6.0","1307","67964","77652.0","472.63","787.03","1160.23","1343.83","1160.23","0.014941","0.010135","0.014941","0.017306","Low","Moderate","22.9","1.5538","IEO (Education/Occ)","-0.077720568574167","1.49","1.49","1.73","1.01","155.38","3","4","0"
"403021062","Morphettville","Marion","Adelaide - South","16531.0","6.2005","SA Water","","0","1","1005.0","5.0","1000.0","6.0","960.0","3.0","1022.0","7.0","1554","80808","92327.0","472.63","787.03","1160.23","1343.83","1160.23","0.012567","0.008524","0.012567","0.014555","Low","Moderate","22.9","1.1716","IEO (Education/Occ)","-0.0792986202423398","1.26","1.26","1.46","0.85","117.16","3","4","0"
"403021063","Sheidow Park - Trott Park","Marion","Adelaide - South","10211.0","9.3899","SA Water","","0","1","1058.0","8.0","1011.0","6.0","1057.0","8.0","987.0","5.0","1922","99944","114190.0","472.63","787.03","1160.23","1343.83","1160.23","0.010161","0.006892","0.010161","0.011768","Low","Low","3.5","0.4357","IER (Econ Resources)","-0.0721645154231017","1.02","1.02","1.18","0.69","43.57","4","4","0"
"403021064","Warradale","Marion","Adelaide - South","16190.0","6.0145","SA Water","","0","1","984.0","4.0","977.0","5.0","939.0","2.0","1013.0","6.0","1421","73892","84425.0","472.63","787.03","1160.23","1343.83","1160.23","0.013743","0.009322","0.013743","0.015917","Low","Moderate","22.5","1.3609","IEO (Education/Occ)","-0.0783715410143486","1.37","1.37","1.59","0.93","136.09","3","4","0"
"403031065","Belair","Mitcham","Adelaide - South","4896.0","24.7761","SA Water","","0","1","1106.0","10.0","1102.0","9.0","1097.0","10.0","1123.0","9.0","2273","118196","135044.0","472.63","787.03","1160.23","1343.83","1160.23","0.008591","0.005828","0.008591","0.009951","Low","Low","1.7","0.3371","IRSAD (Adv/Disadv)","-0.0754627635086204","0.86","0.86","1.0","0.58","33.71","4","4","0"
"403031066","Bellevue Heights","Mitcham","Adelaide - South","7608.0","8.7154","SA Water","","0","1","1060.0","8.0","1048.0","8.0","1026.0","7.0","1071.0","8.0","1764","91728","104803.0","472.63","787.03","1160.23","1343.83","1160.23","0.011071","0.00751","0.011071","0.012822","Low","Low","2.6","0.4928","IRSAD (Adv/Disadv)","-0.0720153082275966","1.11","1.11","1.28","0.75","49.28","4","4","0"
"403031067","Blackwood","Mitcham","Adelaide - South","12963.0","16.928","SA Water","","0","1","1094.0","10.0","1085.0","9.0","1082.0","9.0","1104.0","9.0","2114","109928","125597.0","472.63","787.03","1160.23","1343.83","1160.23","0.009238","0.006266","0.009238","0.0107","Low","Low","4.5","0.3778","IRSAD (Adv/Disadv)","-0.0667912258265355","0.92","0.92","1.07","0.63","37.78","4","4","0"
"403031068","Colonel Light Gardens","Mitcham","Adelaide - South","15842.0","6.761","SA Water","","0","1","1064.0","8.0","1063.0","8.0","1033.0","7.0","1081.0","8.0","2006","104312","119181.0","472.63","787.03","1160.23","1343.83","1160.23","0.009735","0.006604","0.009735","0.011276","Low","Low","5.5","0.409","IRSAD (Adv/Disadv)","-0.0583507992387548","0.97","0.97","1.13","0.66","40.9","4","4","0"
"403031069","Mitcham (SA)","Mitcham","Adelaide - South","16506.0","11.4472","SA Water","","0","1","1087.0","10.0","1100.0","9.0","1059.0","8.0","1125.0","9.0","2203","114556","130885.0","472.63","787.03","1160.23","1343.83","1160.23","0.008864","0.006013","0.008864","0.010267","Low","Low","5.7","0.3543","IRSAD (Adv/Disadv)","-0.0620440394397577","0.89","0.89","1.03","0.6","35.43","4","4","0"
"403031070","Panorama","Mitcham","Adelaide - South","8475.0","5.7425","SA Water","","0","1","1033.0","7.0","1023.0","7.0","998.0","5.0","1048.0","8.0","1518","78936","90188.0","472.63","787.03","1160.23","1343.83","1160.23","0.012865","0.008727","0.012865","0.0149","Low","Moderate","11.8","1.2196","IRSAD (Adv/Disadv)","-0.0740794937374528","1.29","1.29","1.49","0.87","121.96","3","4","0"
"403041071","Aberfoyle Park","Onkaparinga","Adelaide - South","11911.0","13.8426","SA Water","","0","1","1049.0","8.0","1012.0","6.0","1046.0","8.0","1007.0","6.0","1807","93964","107358.0","472.63","787.03","1160.23","1343.83","1160.23","0.010807","0.007331","0.010807","0.012517","Low","Low","4.1","0.4763","IER (Econ Resources)","-0.0648786080812829","1.08","1.08","1.25","0.73","47.63","4","4","0"
"403041072","Aldinga","Onkaparinga","Adelaide - South","15923.0","35.3303","SA Water","","0","1","970.0","3.0","931.0","3.0","988.0","5.0","931.0","3.0","1317","68484","78246.0","472.63","787.03","1160.23","1343.83","1160.23","0.014828","0.010058","0.014828","0.017174","Low","Moderate","22.1","1.5356","IER (Econ Resources)","-0.0582737773770857","1.48","1.48","1.72","1.01","153.56","3","4","0"
"403041073","Christie Downs","Onkaparinga","Adelaide - South","9475.0","8.5727","SA Water","","0","1","862.0","1.0","850.0","1.0","872.0","1.0","870.0","1.0","995","51740","59115.0","472.63","787.03","1160.23","1343.83","1160.23","0.019627","0.013314","0.019627","0.022732","Low","High","26.3","2.9425","Area (km²)","-0.104892962225318","1.96","1.96","2.27","1.33","294.25","2","4","1"
"403041074","Christies Beach","Onkaparinga","Adelaide - South","11050.0","7.2165","SA Water","","0","1","946.0","2.0","920.0","2.0","930.0","2.0","928.0","3.0","1220","63440","72483.0","472.63","787.03","1160.23","1343.83","1160.23","0.016007","0.010858","0.016007","0.01854","Low","Moderate","15.3","1.7254","Area (km²)","-0.1213441436426681","1.6","1.6","1.85","1.09","172.54","3","4","0"
"403041075","Clarendon","Onkaparinga","Adelaide - South","2729.0","123.3732","SA Water","","0","1","1086.0","10.0","1056.0","8.0","1098.0","10.0","1038.0","7.0","2020","105040","120013.0","472.63","787.03","1160.23","1343.83","1160.23","0.009668","0.006558","0.009668","0.011197","Low","Low","0.9","0.4048","IRSAD (Adv/Disadv)","-0.0730218688640324","0.97","0.97","1.12","0.66","40.48","4","4","0"
"403041076","Coromandel Valley","Onkaparinga","Adelaide - South","4469.0","4.4154","SA Water","","0","1","1099.0","10.0","1077.0","9.0","1099.0","10.0","1087.0","9.0","2233","116116","132667.0","472.63","787.03","1160.23","1343.83","1160.23","0.008745","0.005932","0.008745","0.010129","Low","Low","1.6","0.3468","IRSAD (Adv/Disadv)","-0.0681408178502308","0.87","0.87","1.01","0.59","34.68","4","4","0"
"403041077","Flagstaff Hill","Onkaparinga","Adelaide - South","10784.0","9.7527","SA Water","","0","1","1068.0","9.0","1043.0","7.0","1065.0","9.0","1039.0","7.0","2045","106340","121498.0","472.63","787.03","1160.23","1343.83","1160.23","0.009549","0.006478","0.009549","0.011061","Low","Low","3.7","0.3973","IRSAD (Adv/Disadv)","-0.0705190398143465","0.95","0.95","1.11","0.65","39.73","4","4","0"
"403041078","Hackham - Onkaparinga Hills","Onkaparinga","Adelaide - South","6875.0","23.6436","SA Water","","0","1","965.0","3.0","922.0","2.0","990.0","5.0","898.0","2.0","1355","70460","80504.0","472.63","787.03","1160.23","1343.83","1160.23","0.014412","0.009776","0.014412","0.016693","Low","Moderate","9.5","1.4686","IER (Econ Resources)","-0.0859822725543889","1.44","1.44","1.67","0.98","146.86","3","4","0"
"403041079","Hackham West - Huntfield Heights","Onkaparinga","Adelaide - South","7818.0","4.374","SA Water","","0","1","850.0","1.0","831.0","1.0","888.0","1.0","847.0","1.0","1080","56160","64165.0","472.63","787.03","1160.23","1343.83","1160.23","0.018082","0.012266","0.018082","0.020943","Low","High","21.7","2.1156","Area (km²)","-0.1673821983045534","1.81","1.81","2.09","1.23","211.56","2","4","1"
"403041080","Happy Valley","Onkaparinga","Adelaide - South","13864.0","10.17","SA Water","","0","1","1045.0","7.0","997.0","6.0","1031.0","7.0","985.0","5.0","1568","81536","93158.0","472.63","787.03","1160.23","1343.83","1160.23","0.012454","0.008448","0.012454","0.014425","Low","Moderate","19.2","1.1534","IER (Econ Resources)","-0.0700451525952759","1.25","1.25","1.44","0.84","115.34","3","4","0"
"403041081","Happy Valley Reservoir","Onkaparinga","Adelaide - South","","6.5089","SA Water","","0","1","","","","","","","","","1375","71500","81692.0","472.63","787.03","1160.23","1343.83","1160.23","0.014202","0.009634","0.014202","0.01645","Low","Moderate","0.0","1.4348","Area (km²)","-0.0418957876333624","1.42","1.42","1.64","0.96","143.48","3","4","0"
"403041082","Lonsdale","Onkaparinga","Adelaide - South","23.0","9.8401","SA Water","","0","1","","","","","","","882.0","1.0","725","37700","43074.0","472.63","787.03","1160.23","1343.83","1160.23","0.026936","0.018272","0.026936","0.031198","Moderate","Critical","0.1","8.0","IEO (Education/Occ)","0.1043476473381245","2.69","2.69","3.12","1.83","800.0","1","3","1"
"403041083","McLaren Vale","Onkaparinga","Adelaide - South","7344.0","119.5749","SA Water","","0","1","1047.0","7.0","1010.0","6.0","1048.0","8.0","992.0","6.0","1638","85176","97317.0","472.63","787.03","1160.23","1343.83","1160.23","0.011922","0.008087","0.011922","0.013809","Low","Moderate","10.2","1.0678","IER (Econ Resources)","-0.0765072268389534","1.19","1.19","1.38","0.81","106.78","3","4","0"
"403041084","Morphett Vale - East","Onkaparinga","Adelaide - South","13863.0","7.6836","SA Water","","0","1","950.0","3.0","908.0","2.0","953.0","3.0","892.0","2.0","1228","63856","72958.0","472.63","787.03","1160.23","1343.83","1160.23","0.015903","0.010787","0.015903","0.018419","Low","Moderate","19.2","1.7086","Area (km²)","-0.1204331228405596","1.59","1.59","1.84","1.08","170.86","3","4","0"
"403041085","Morphett Vale - West","Onkaparinga","Adelaide - South","10138.0","5.0775","SA Water","","0","1","912.0","2.0","876.0","1.0","923.0","2.0","875.0","1.0","1163","60476","69096.0","472.63","787.03","1160.23","1343.83","1160.23","0.016792","0.01139","0.016792","0.019449","Low","Moderate","14.1","1.8517","Area (km²)","-0.1775762451318575","1.68","1.68","1.94","1.14","185.17","3","4","0"
"403041086","Reynella","Onkaparinga","Adelaide - South","10286.0","7.7053","SA Water","","0","1","990.0","4.0","944.0","3.0","983.0","4.0","931.0","3.0","1334","69368","79256.0","472.63","787.03","1160.23","1343.83","1160.23","0.014639","0.00993","0.014639","0.016956","Low","Moderate","14.3","1.5052","IRSAD (Adv/Disadv)","-0.0537419703785353","1.46","1.46","1.7","0.99","150.52","3","4","0"
"403041088","Willunga","Onkaparinga","Adelaide - South","3604.0","85.1868","SA Water","","0","1","1056.0","8.0","1026.0","7.0","1065.0","9.0","1028.0","7.0","1755","91260","104268.0","472.63","787.03","1160.23","1343.83","1160.23","0.011127","0.007548","0.011127","0.012888","Low","Low","1.3","0.4964","IRSAD (Adv/Disadv)","-0.0738164719116468","1.11","1.11","1.29","0.75","49.64","4","4","0"
"403041089","Woodcroft","Onkaparinga","Adelaide - South","11552.0","13.5274","SA Water","","0","1","1033.0","7.0","985.0","5.0","1030.0","7.0","954.0","4.0","1672","86944","99337.0","472.63","787.03","1160.23","1343.83","1160.23","0.01168","0.007923","0.01168","0.013528","Low","Moderate","16.0","1.0288","IER (Econ Resources)","-0.0906274112203921","1.17","1.17","1.35","0.79","102.88","3","4","0"
"403041177","Seaford - Seaford Meadows","Onkaparinga","Adelaide - South","14177.0","11.4713","SA Water","","0","1","991.0","4.0","951.0","4.0","987.0","5.0","942.0","4.0","1466","76232","87098.0","472.63","787.03","1160.23","1343.83","1160.23","0.013321","0.009036","0.013321","0.015429","Low","Moderate","19.7","1.293","Population","-0.0593710073752863","1.33","1.33","1.54","0.9","129.3","3","4","0"
"403041178","Seaford Rise - Moana","Onkaparinga","Adelaide - South","10629.0","12.1052","SA Water","","0","1","1002.0","5.0","962.0","4.0","1008.0","6.0","950.0","4.0","1521","79092","90366.0","472.63","787.03","1160.23","1343.83","1160.23","0.012839","0.008709","0.012839","0.014871","Low","Moderate","14.8","1.2154","IER (Econ Resources)","-0.113836526772888","1.28","1.28","1.49","0.87","121.54","3","4","0"
"404011090","Beverley","Charles Sturt","Adelaide - West","8897.0","4.2061","SA Water","","0","1","1006.0","5.0","987.0","5.0","970.0","4.0","995.0","6.0","1695","88140","100704.0","472.63","787.03","1160.23","1343.83","1160.23","0.011521","0.007815","0.011521","0.013344","Low","Moderate","12.3","1.0032","IEO (Education/Occ)","-0.0979828688691586","1.15","1.15","1.33","0.78","100.32","3","4","0"
"404011091","Flinders Park","Charles Sturt","Adelaide - West","16361.0","6.3972","SA Water","","0","1","1004.0","5.0","989.0","5.0","973.0","4.0","993.0","6.0","1563","81276","92861.0","472.63","787.03","1160.23","1343.83","1160.23","0.012494","0.008475","0.012494","0.014471","Low","Moderate","22.7","1.1599","IEO (Education/Occ)","-0.0855433147794108","1.25","1.25","1.45","0.85","115.99","3","4","0"
"404011092","Henley Beach","Charles Sturt","Adelaide - West","15634.0","5.9563","SA Water","","0","1","1049.0","8.0","1043.0","7.0","1015.0","6.0","1043.0","7.0","1786","92872","106110.0","472.63","787.03","1160.23","1343.83","1160.23","0.010934","0.007417","0.010934","0.012664","Low","Low","5.4","0.4842","IRSAD (Adv/Disadv)","-0.0577791272125571","1.09","1.09","1.27","0.74","48.42","4","4","0"
"404011093","Hindmarsh - Brompton","Charles Sturt","Adelaide - West","19076.0","7.896","SA Water","","0","1","995.0","5.0","1004.0","6.0","936.0","2.0","1049.0","8.0","1631","84812","96901.0","472.63","787.03","1160.23","1343.83","1160.23","0.011973","0.008122","0.011973","0.013868","Low","Moderate","26.5","1.076","IEO (Education/Occ)","-0.0769461564333254","1.2","1.2","1.39","0.81","107.6","3","4","0"
"404011094","Royal Park - Hendon - Albert Park","Charles Sturt","Adelaide - West","6499.0","3.246","SA Water","","0","1","958.0","3.0","940.0","3.0","937.0","2.0","946.0","4.0","1427","74204","84781.0","472.63","787.03","1160.23","1343.83","1160.23","0.013685","0.009283","0.013685","0.015851","Low","Moderate","9.0","1.3516","Area (km²)","-0.0686886103559946","1.37","1.37","1.59","0.93","135.16","3","4","0"
"404011095","Seaton - Grange","Charles Sturt","Adelaide - West","17501.0","8.2533","SA Water","","0","1","991.0","4.0","979.0","5.0","966.0","3.0","986.0","5.0","1425","74100","84662.0","472.63","787.03","1160.23","1343.83","1160.23","0.013704","0.009296","0.013704","0.015873","Low","Moderate","24.3","1.3546","IEO (Education/Occ)","-0.0834014882955614","1.37","1.37","1.59","0.93","135.46","3","4","0"
"404011096","West Lakes","Charles Sturt","Adelaide - West","15205.0","8.5515","SA Water","","0","1","1027.0","6.0","1011.0","6.0","1003.0","6.0","1006.0","6.0","1506","78312","89475.0","472.63","787.03","1160.23","1343.83","1160.23","0.012967","0.008796","0.012967","0.015019","Low","Moderate","21.1","1.236","IRSAD (Adv/Disadv)","-0.071145528895009","1.3","1.3","1.5","0.88","123.6","3","4","0"
"404011097","Woodville - Cheltenham","Charles Sturt","Adelaide - West","19269.0","8.8122","SA Water","","0","1","956.0","3.0","955.0","4.0","942.0","2.0","976.0","5.0","1491","77532","88584.0","472.63","787.03","1160.23","1343.83","1160.23","0.013098","0.008885","0.013098","0.01517","Low","Moderate","26.7","1.2571","Population","-0.1054260821095984","1.31","1.31","1.52","0.89","125.71","3","4","0"
"404021098","Dry Creek - South","Port Adelaide - West","Adelaide - West","","6.1446","SA Water","","0","1","","","","","","","","","0","0","","472.63","787.03","1160.23","1343.83","1160.23","","","","","Unknown","Unknown","","","","","","","","","","5","5","0"
"404021099","Largs Bay - Semaphore","Port Adelaide - West","Adelaide - West","14807.0","6.7241","SA Water","","0","1","1009.0","5.0","993.0","5.0","974.0","4.0","1001.0","6.0","1584","82368","94109.0","472.63","787.03","1160.23","1343.83","1160.23","0.012329","0.008363","0.012329","0.01428","Low","Moderate","20.6","1.1333","IEO (Education/Occ)","-0.0872077530593563","1.23","1.23","1.43","0.84","113.33","3","4","0"
"404021100","North Haven","Port Adelaide - West","Adelaide - West","14800.0","14.8433","SA Water","","0","1","969.0","3.0","942.0","3.0","957.0","3.0","934.0","3.0","1414","73528","84009.0","472.63","787.03","1160.23","1343.83","1160.23","0.013811","0.009368","0.013811","0.015996","Low","Moderate","20.5","1.3719","Population","-0.0623242778446271","1.38","1.38","1.6","0.94","137.19","3","4","0"
"404021101","Port Adelaide","Port Adelaide - West","Adelaide - West","11589.0","12.972","SA Water","","0","1","917.0","2.0","913.0","2.0","909.0","2.0","927.0","3.0","1247","64844","74087.0","472.63","787.03","1160.23","1343.83","1160.23","0.01566","0.010623","0.01566","0.018139","Low","Moderate","16.1","1.6695","Population","-0.0720877176591053","1.57","1.57","1.81","1.06","166.95","3","4","0"
"404021102","The Parks","Port Adelaide - West","Adelaide - West","19645.0","18.2633","SA Water","","0","1","876.0","1.0","902.0","2.0","892.0","1.0","942.0","4.0","1297","67444","77058.0","472.63","787.03","1160.23","1343.83","1160.23","0.015057","0.010213","0.015057","0.017439","Low","Moderate","27.3","1.5724","Population","-0.1588859292484444","1.51","1.51","1.74","1.02","157.24","3","4","0"
"404021103","Torrens Island","Port Adelaide - West","Adelaide - West","","8.8253","SA Water","","0","1","","","","","","","","","749","38948","44500.0","472.63","787.03","1160.23","1343.83","1160.23","0.026073","0.017686","0.026073","0.030198","Moderate","Critical","0.0","7.345","Area (km²)","0.0749207189183965","2.61","2.61","3.02","1.77","734.5","1","3","1"
"404031104","Adelaide Airport","West Torrens","Adelaide - West","","7.2952","SA Water","","0","1","","","","","","","","","0","0","","472.63","787.03","1160.23","1343.83","1160.23","","","","","Unknown","Unknown","","","","","","","","","","5","5","0"
"404031105","Fulham","West Torrens","Adelaide - West","2920.0","1.3212","SA Water","","0","1","1051.0","8.0","1039.0","7.0","1019.0","6.0","1034.0","7.0","1753","91156","104150.0","472.63","787.03","1160.23","1343.83","1160.23","0.01114","0.007557","0.01114","0.012903","Low","Low","1.0","0.4972","IRSAD (Adv/Disadv)","-0.0653240297565771","1.11","1.11","1.29","0.76","49.72","4","4","0"
"404031106","Lockleys","West Torrens","Adelaide - West","13452.0","5.702","SA Water","","0","1","1026.0","6.0","1018.0","6.0","981.0","4.0","1023.0","7.0","1635","85020","97139.0","472.63","787.03","1160.23","1343.83","1160.23","0.011944","0.008102","0.011944","0.013834","Low","Moderate","18.7","1.0713","IEO (Education/Occ)","-0.0837701123572068","1.19","1.19","1.38","0.81","107.13","3","4","0"
"404031107","Plympton","West Torrens","Adelaide - West","26480.0","10.6969","SA Water","","0","1","1015.0","6.0","1006.0","6.0","952.0","3.0","1027.0","7.0","1551","80652","92148.0","472.63","787.03","1160.23","1343.83","1160.23","0.012591","0.008541","0.012591","0.014583","Low","Moderate","36.8","1.1755","IEO (Education/Occ)","-0.0805632980379466","1.26","1.26","1.46","0.85","117.55","3","4","0"
"404031108","Richmond (SA)","West Torrens","Adelaide - West","17022.0","8.9253","SA Water","","0","1","995.0","5.0","999.0","6.0","935.0","2.0","1038.0","7.0","1555","80860","92386.0","472.63","787.03","1160.23","1343.83","1160.23","0.012559","0.008519","0.012559","0.014546","Low","Moderate","23.6","1.1703","IEO (Education/Occ)","-0.0896072569137979","1.26","1.26","1.45","0.85","117.03","3","4","0"
"404031109","West Beach","West Torrens","Adelaide - West","5175.0","4.5068","SA Water","","0","1","1059.0","8.0","1050.0","8.0","1025.0","7.0","1042.0","7.0","1746","90792","103734.0","472.63","787.03","1160.23","1343.83","1160.23","0.011185","0.007587","0.011185","0.012955","Low","Low","1.8","0.5","IRSAD (Adv/Disadv)","-0.0657442150674747","1.12","1.12","1.3","0.76","50.0","4","4","0"
"405011110","Barossa - Angaston","Barossa","Barossa - Yorke - Mid North","6486.0","633.8622","SA Water","","0","0","1003.0","5.0","969.0","4.0","1026.0","7.0","957.0","4.0","1441","74932","85613.0","472.63","787.03","1160.23","1343.83","1343.83","0.015697","0.009193","0.013552","0.015697","Low","Moderate","9.0","1.6755","IER (Econ Resources)","-0.0996994494908234","1.57","1.36","1.57","0.92","167.55","3","4","0"
"405011111","Light","Barossa","Barossa - Yorke - Mid North","9797.0","1111.6724","SA Water","","0","0","1005.0","5.0","959.0","4.0","1032.0","7.0","935.0","3.0","1544","80288","91732.0","472.63","787.03","1160.23","1343.83","1343.83","0.01465","0.00858","0.012648","0.01465","Low","Moderate","13.6","1.5069","IER (Econ Resources)","-0.1115228113109171","1.46","1.26","1.46","0.86","150.69","3","4","0"
"405011112","Lyndoch","Barossa","Barossa - Yorke - Mid North","6544.0","175.7742","SA Water","","0","0","1044.0","7.0","1001.0","6.0","1064.0","9.0","971.0","5.0","1827","95004","108546.0","472.63","787.03","1160.23","1343.83","1343.83","0.01238","0.007251","0.010689","0.01238","Low","Moderate","9.1","1.1415","IER (Econ Resources)","-0.0823129993248403","1.24","1.07","1.24","0.73","114.15","3","4","0"
"405011113","Mallala","Barossa","Barossa - Yorke - Mid North","3335.0","847.8696","SA Water","","0","0","946.0","2.0","914.0","2.0","987.0","5.0","881.0","1.0","1369","71188","81335.0","472.63","787.03","1160.23","1343.83","1343.83","0.016522","0.009676","0.014265","0.016522","Low","Moderate","4.6","1.8083","IER (Econ Resources)","-0.1078306178863453","1.65","1.43","1.65","0.97","180.83","3","4","0"
"405011114","Nuriootpa","Barossa","Barossa - Yorke - Mid North","7157.0","50.6409","SA Water","","0","0","985.0","4.0","941.0","3.0","995.0","5.0","914.0","2.0","1326","68952","78781.0","472.63","787.03","1160.23","1343.83","1343.83","0.017058","0.00999","0.014727","0.017058","Low","Moderate","9.9","1.8946","IER (Econ Resources)","-0.0918143038710213","1.71","1.47","1.71","1.0","189.46","3","4","0"
"405011115","Tanunda","Barossa","Barossa - Yorke - Mid North","4666.0","17.3326","SA Water","","0","0","1029.0","6.0","996.0","5.0","1009.0","6.0","984.0","5.0","1446","75192","85910.0","472.63","787.03","1160.23","1343.83","1343.83","0.015642","0.009161","0.013505","0.015642","Low","Moderate","6.5","1.6666","IRSAD (Adv/Disadv)","-0.0848552430802046","1.56","1.35","1.56","0.92","166.66","3","4","0"
"405021116","Clare","Lower North","Barossa - Yorke - Mid North","4096.0","74.203","SA Water","","0","0","1008.0","5.0","970.0","4.0","985.0","4.0","957.0","4.0","1368","71136","81276.0","472.63","787.03","1160.23","1343.83","1343.83","0.016534","0.009683","0.014275","0.016534","Low","Moderate","5.7","1.8102","IEO (Education/Occ)","-0.0760979805598388","1.65","1.43","1.65","0.97","181.02","3","4","0"
"405021117","Gilbert Valley","Lower North","Barossa - Yorke - Mid North","5016.0","1675.3597","SA Water","","0","0","989.0","4.0","957.0","4.0","1001.0","5.0","963.0","5.0","1257","65364","74681.0","472.63","787.03","1160.23","1343.83","1343.83","0.017994","0.010539","0.015536","0.017994","Low","High","13.9","2.0685","IER (Econ Resources)","-0.096600288531145","1.8","1.55","1.8","1.05","206.85","2","4","1"
"405021118","Goyder","Lower North","Barossa - Yorke - Mid North","4079.0","6748.1529","SA Water","","0","0","947.0","2.0","914.0","2.0","958.0","3.0","920.0","3.0","917","47684","54481.0","472.63","787.03","1160.23","1343.83","1343.83","0.024666","0.014446","0.021296","0.024666","Moderate","Critical","22.6","6.277","IRSAD (Adv/Disadv)","0.112889836327507","2.47","2.13","2.47","1.44","627.7","1","3","1"
"405021119","Wakefield - Barunga West","Lower North","Barossa - Yorke - Mid North","9500.0","5231.2432","SA Water","","0","0","930.0","2.0","907.0","2.0","960.0","3.0","908.0","2.0","1092","56784","64878.0","472.63","787.03","1160.23","1343.83","1343.83","0.020713","0.012131","0.017883","0.020713","Moderate","High","26.4","3.5237","Population","-0.0466619635524396","2.07","1.79","2.07","1.21","352.37","2","3","1"
"405031120","Jamestown","Mid North","Barossa - Yorke - Mid North","4596.0","3107.037","SA Water","","0","0","980.0","4.0","949.0","3.0","976.0","4.0","958.0","4.0","1145","59540","68027.0","472.63","787.03","1160.23","1343.83","1343.83","0.019754","0.011569","0.017055","0.019754","Low","High","12.8","3.0104","IEO (Education/Occ)","-0.0917992016592251","1.98","1.71","1.98","1.16","301.04","2","4","1"
"405031121","Peterborough - Mount Remarkable","Mid North","Barossa - Yorke - Mid North","5341.0","9643.884","SA Water","","0","0","917.0","2.0","903.0","2.0","949.0","3.0","922.0","3.0","931","48412","55313.0","472.63","787.03","1160.23","1343.83","1343.83","0.024295","0.014229","0.020976","0.024295","Moderate","Critical","29.7","5.9954","IRSAD (Adv/Disadv)","0.1210043770479588","2.43","2.1","2.43","1.42","599.54","1","3","1"
"405031122","Port Pirie","Mid North","Barossa - Yorke - Mid North","13896.0","75.2928","SA Water","","0","0","870.0","1.0","853.0","1.0","884.0","1.0","851.0","1.0","1044","54288","62026.0","472.63","787.03","1160.23","1343.83","1343.83","0.021666","0.012689","0.018706","0.021666","Moderate","Critical","77.1","4.0","IRSAD (Adv/Disadv)","0.1223280861585095","2.17","1.87","2.17","1.27","400.0","1","3","1"
"405031123","Port Pirie Surrounds","Mid North","Barossa - Yorke - Mid North","3335.0","1583.2661","SA Water","","0","0","967.0","3.0","932.0","3.0","974.0","4.0","926.0","3.0","1145","59540","68027.0","472.63","787.03","1160.23","1343.83","1343.83","0.019754","0.011569","0.017055","0.019754","Low","High","9.3","3.0104","IRSAD (Adv/Disadv)","-0.0800842762843027","1.98","1.71","1.98","1.16","301.04","2","4","1"
"405041124","Kadina","Yorke Peninsula","Barossa - Yorke - Mid North","5414.0","394.1203","SA Water","","0","0","937.0","2.0","897.0","2.0","958.0","3.0","877.0","1.0","1155","60060","68621.0","472.63","787.03","1160.23","1343.83","1343.83","0.019583","0.011469","0.016908","0.019583","Low","High","15.0","2.9189","Population","-0.0431015738575612","1.96","1.69","1.96","1.15","291.89","2","4","1"
"405041125","Moonta","Yorke Peninsula","Barossa - Yorke - Mid North","5217.0","271.9202","SA Water","","0","0","938.0","2.0","904.0","2.0","965.0","3.0","884.0","1.0","965","50180","57333.0","472.63","787.03","1160.23","1343.83","1343.83","0.023439","0.013727","0.020237","0.023439","Moderate","Critical","29.0","5.3457","IRSAD (Adv/Disadv)","0.1073452633475497","2.34","2.02","2.34","1.37","534.57","1","3","1"
"405041126","Wallaroo","Yorke Peninsula","Barossa - Yorke - Mid North","4426.0","146.5314","SA Water","","0","0","891.0","1.0","871.0","1.0","923.0","2.0","856.0","1.0","916","47632","54422.0","472.63","787.03","1160.23","1343.83","1343.83","0.024693","0.014462","0.021319","0.024693","Moderate","Critical","24.6","6.2975","IRSAD (Adv/Disadv)","0.1345607030858537","2.47","2.13","2.47","1.45","629.75","1","3","1"
"405041127","Yorke Peninsula - North","Yorke Peninsula","Barossa - Yorke - Mid North","7458.0","3654.3884","SA Water","","0","0","955.0","3.0","921.0","2.0","961.0","3.0","915.0","2.0","1003","52156","59590.0","472.63","787.03","1160.23","1343.83","1343.83","0.022551","0.013207","0.01947","0.022551","Moderate","Critical","41.4","4.6717","IRSAD (Adv/Disadv)","0.1007074243506838","2.26","1.95","2.26","1.32","467.17","1","3","1"
"405041128","Yorke Peninsula - South","Yorke Peninsula","Barossa - Yorke - Mid North","4142.0","2273.834","SA Water","","0","0","946.0","2.0","911.0","2.0","962.0","3.0","900.0","2.0","891","46332","52936.0","472.63","787.03","1160.23","1343.83","1343.83","0.025386","0.014868","0.021918","0.025386","Moderate","Critical","23.0","6.8235","IRSAD (Adv/Disadv)","0.1136533894014695","2.54","2.19","2.54","1.49","682.35","1","3","1"
"406011129","Ceduna","Eyre Peninsula and South West","South Australia - Outback","2697.0","413.3374","SA Water","","0","0","946.0","2.0","924.0","2.0","929.0","2.0","918.0","2.0","1406","73112","83534.0","472.63","787.03","1160.23","1343.83","1343.83","0.016087","0.009422","0.013889","0.016087","Low","Moderate","3.7","1.7382","IRSAD (Adv/Disadv)","-0.0372441269559295","1.61","1.39","1.61","0.94","173.82","3","4","0"
"406011130","Eyre Peninsula","Eyre Peninsula and South West","South Australia - Outback","6824.0","7228.3655","SA Water","","0","0","1008.0","5.0","965.0","4.0","1000.0","5.0","955.0","4.0","1308","68016","77711.0","472.63","787.03","1160.23","1343.83","1343.83","0.017293","0.010128","0.01493","0.017293","Low","Moderate","9.5","1.9324","IER (Econ Resources)","-0.0998872076985192","1.73","1.49","1.73","1.01","193.24","3","4","0"
"406011131","Kimba - Cleve - Franklin Harbour","Eyre Peninsula and South West","South Australia - Outback","4201.0","15184.3968","SA Water","","0","0","990.0","4.0","953.0","4.0","990.0","5.0","948.0","4.0","1176","61152","69869.0","472.63","787.03","1160.23","1343.83","1343.83","0.019234","0.011264","0.016606","0.019234","Low","High","11.7","2.7321","IRSAD (Adv/Disadv)","-0.0792908740446909","1.92","1.66","1.92","1.13","273.21","2","4","1"
"406011132","Le Hunte - Elliston","Eyre Peninsula and South West","South Australia - Outback","2122.0","11387.2463","SA Water","","0","0","984.0","4.0","961.0","4.0","973.0","4.0","971.0","5.0","1235","64220","73374.0","472.63","787.03","1160.23","1343.83","1343.83","0.018315","0.010726","0.015813","0.018315","Low","High","5.9","2.2403","IEO (Education/Occ)","-0.0865614009159779","1.83","1.58","1.83","1.07","224.03","2","4","1"
"406011133","Port Lincoln","Eyre Peninsula and South West","South Australia - Outback","16307.0","136.2831","SA Water","","0","0","962.0","3.0","926.0","2.0","953.0","3.0","906.0","2.0","1301","67652","77295.0","472.63","787.03","1160.23","1343.83","1343.83","0.017386","0.010182","0.01501","0.017386","Low","Moderate","22.6","1.9474","Population","-0.0924214066969438","1.74","1.5","1.74","1.02","194.74","3","4","0"
"406011134","West Coast (SA)","Eyre Peninsula and South West","South Australia - Outback","3646.0","31877.8466","SA Water","","0","0","949.0","3.0","934.0","3.0","924.0","2.0","930.0","3.0","1148","59696","68205.0","472.63","787.03","1160.23","1343.83","1343.83","0.019703","0.011539","0.017011","0.019703","Low","High","10.1","2.9831","IRSAD (Adv/Disadv)","-0.0975211445165199","1.97","1.7","1.97","1.15","298.31","2","4","1"
"406011135","Western","Eyre Peninsula and South West","South Australia - Outback","136.0","168946.0226","SA Water","","0","0","644.0","1.0","823.0","1.0","641.0","1.0","1043.0","7.0","1312","68224","77949.0","472.63","787.03","1160.23","1343.83","1343.83","0.01724","0.010097","0.014884","0.01724","Low","Moderate","0.2","1.9239","IEO (Education/Occ)","-0.1308749452007753","1.72","1.49","1.72","1.01","192.39","3","4","0"
"406011136","Whyalla","Eyre Peninsula and South West","South Australia - Outback","21154.0","40.8706","SA Water","","0","0","882.0","1.0","868.0","1.0","879.0","1.0","865.0","1.0","1188","61776","70582.0","472.63","787.03","1160.23","1343.83","1343.83","0.019039","0.011151","0.016438","0.019039","Low","High","58.7","2.6278","Population","-0.2380277801711688","1.9","1.64","1.9","1.12","262.78","2","4","1"
"406011137","Whyalla - North","Eyre Peninsula and South West","South Australia - Outback","","80.449","SA Water","","0","0","","","","","","","","","0","0","","472.63","787.03","1160.23","1343.83","1343.83","","","","","Unknown","Unknown","","","","","","","","","","5","5","0"
"406021138","APY Lands","Outback - North and East","South Australia - Outback","2333.0","102359.1511","SA Water","","0","0","496.0","1.0","706.0","1.0","519.0","1.0","889.0","1.0","1266","65832","75216.0","472.63","787.03","1160.23","1343.83","1343.83","0.017866","0.010464","0.015425","0.017866","Low","High","6.5","2.0","IRSAD (Adv/Disadv)","0.0963255321898201","1.79","1.54","1.79","1.05","200.0","2","4","1"
"406021139","Coober Pedy","Outback - North and East","South Australia - Outback","1566.0","77.6795","Council","District Council of Coober Pedy reticulates its own water supply","1","0","868.0","1.0","868.0","1.0","832.0","1.0","868.0","1.0","764","39728","45391.0","","","","","","","","","","Unknown","Unknown","","","","","","","","","","5","5","0"
"406021140","Quorn - Lake Gilles","Outback - North and East","South Australia - Outback","2142.0","26107.329","SA Water","","0","0","940.0","2.0","914.0","2.0","945.0","3.0","897.0","2.0","1047","54444","62205.0","472.63","787.03","1160.23","1343.83","1343.83","0.021603","0.012652","0.018652","0.021603","Moderate","High","5.9","4.0","IRSAD (Adv/Disadv)","0.0566304247094502","2.16","1.87","2.16","1.27","400.0","2","3","1"
"406021141","Outback","Outback - North and East","South Australia - Outback","2030.0","513391.3333","SA Water","","0","0","942.0","2.0","926.0","3.0","901.0","1.0","912.0","2.0","1214","63128","72126.0","472.63","787.03","1160.23","1343.83","1343.83","0.018632","0.010912","0.016086","0.018632","Low","High","5.6","2.41","IRSAD (Adv/Disadv)","-0.081317743210337","1.86","1.61","1.86","1.09","241.0","2","4","1"
"406021142","Port Augusta","Outback - North and East","South Australia - Outback","13515.0","253.9025","SA Water","","0","0","885.0","1.0","874.0","1.0","889.0","1.0","869.0","1.0","1277","66404","75869.0","472.63","787.03","1160.23","1343.83","1343.83","0.017713","0.010374","0.015293","0.017713","Low","Moderate","18.8","2.0","Population","-0.1188051941358773","1.77","1.53","1.77","1.04","200.0","3","4","0"
"406021143","Roxby Downs","Outback - North and East","South Australia - Outback","3976.0","288.3624","SA Water","","0","0","1048.0","7.0","1004.0","6.0","1010.0","6.0","919.0","3.0","3140","163280","186554.0","472.63","787.03","1160.23","1343.83","1343.83","0.007203","0.004219","0.006219","0.007203","Low","Low","1.4","0.25","IER (Econ Resources)","-0.0887259160623672","0.72","0.62","0.72","0.42","25.0","4","4","0"
"407011144","Goolwa - Port Elliot","Fleurieu - Kangaroo Island","South Australia - South East","12516.0","180.8689","SA Water","","0","0","965.0","3.0","928.0","3.0","971.0","4.0","928.0","3.0","970","50440","57630.0","472.63","787.03","1160.23","1343.83","1343.83","0.023318","0.013657","0.020132","0.023318","Moderate","Critical","69.5","5.2539","IRSAD (Adv/Disadv)","-0.0597113649427054","2.33","2.01","2.33","1.37","525.39","1","3","1"
"407011145","Kangaroo Island","Fleurieu - Kangaroo Island","South Australia - South East","4894.0","4400.7382","SA Water","","0","0","991.0","4.0","952.0","4.0","982.0","4.0","945.0","4.0","1128","58656","67017.0","472.63","787.03","1160.23","1343.83","1343.83","0.020052","0.011744","0.017312","0.020052","Moderate","High","13.6","3.1699","IRSAD (Adv/Disadv)","-0.0859804224079976","2.01","1.73","2.01","1.17","316.99","2","3","1"
"407011146","Strathalbyn","Fleurieu - Kangaroo Island","South Australia - South East","7871.0","155.7859","SA Water","","0","0","995.0","5.0","952.0","4.0","1018.0","6.0","939.0","3.0","1277","66404","75869.0","472.63","787.03","1160.23","1343.83","1343.83","0.017713","0.010374","0.015293","0.017713","Low","Moderate","10.9","2.0","IER (Econ Resources)","-0.1176535308872965","1.77","1.53","1.77","1.04","200.0","3","4","0"
"407011147","Strathalbyn Surrounds","Fleurieu - Kangaroo Island","South Australia - South East","7969.0","1517.7954","SA Water","","0","0","1015.0","6.0","978.0","5.0","1053.0","8.0","960.0","4.0","1479","76908","87871.0","472.63","787.03","1160.23","1343.83","1343.83","0.015293","0.008957","0.013204","0.015293","Low","Moderate","11.1","1.6104","IER (Econ Resources)","-0.0995440711703609","1.53","1.32","1.53","0.9","161.04","3","4","0"
"407011148","Victor Harbor","Fleurieu - Kangaroo Island","South Australia - South East","15847.0","128.2644","SA Water","","0","0","961.0","3.0","925.0","2.0","968.0","4.0","924.0","3.0","977","50804","58046.0","472.63","787.03","1160.23","1343.83","1343.83","0.023151","0.013559","0.019988","0.023151","Moderate","Critical","88.0","5.1271","IRSD (Disadvantage)","0.0835518634959493","2.32","2.0","2.32","1.36","512.71","1","3","1"
"407011149","Yankalilla","Fleurieu - Kangaroo Island","South Australia - South East","6498.0","980.1341","SA Water","","0","0","984.0","4.0","949.0","3.0","997.0","5.0","946.0","4.0","1082","56264","64284.0","472.63","787.03","1160.23","1343.83","1343.83","0.020905","0.012243","0.018049","0.020905","Moderate","High","18.0","3.6264","IER (Econ Resources)","-0.0788027960318497","2.09","1.8","2.09","1.22","362.64","2","3","1"
"407021150","Grant","Limestone Coast","South Australia - South East","6138.0","1690.9302","SA Water","","0","0","1012.0","6.0","963.0","4.0","1045.0","8.0","920.0","3.0","1582","82264","93990.0","472.63","787.03","1160.23","1343.83","1343.83","0.014298","0.008374","0.012344","0.014298","Low","Moderate","8.5","1.4503","IER (Econ Resources)","-0.1191434599756793","1.43","1.23","1.43","0.84","145.03","3","4","0"
"407021151","Kingston - Robe","Limestone Coast","South Australia - South East","3872.0","4431.5114","SA Water","","0","0","995.0","5.0","959.0","4.0","994.0","5.0","932.0","3.0","1200","62400","71295.0","472.63","787.03","1160.23","1343.83","1343.83","0.018849","0.011039","0.016274","0.018849","Low","High","10.7","2.5261","IRSAD (Adv/Disadv)","-0.07524779235253","1.88","1.63","1.88","1.1","252.61","2","4","1"
"407021152","Millicent","Limestone Coast","South Australia - South East","5245.0","177.4315","SA Water","","0","0","905.0","2.0","870.0","1.0","926.0","2.0","854.0","1.0","988","51376","58699.0","472.63","787.03","1160.23","1343.83","1343.83","0.022894","0.013408","0.019766","0.022894","Moderate","Critical","29.1","4.9321","IRSAD (Adv/Disadv)","0.1259303287980831","2.29","1.98","2.29","1.34","493.21","1","3","1"
"407021154","Naracoorte","Limestone Coast","South Australia - South East","6293.0","115.23","SA Water","","0","0","952.0","3.0","923.0","2.0","963.0","3.0","895.0","2.0","1377","71604","81811.0","472.63","787.03","1160.23","1343.83","1343.83","0.016426","0.00962","0.014182","0.016426","Low","Moderate","8.7","1.7928","Population","-0.061464917385323","1.64","1.42","1.64","0.96","179.28","3","4","0"
"407021155","Naracoorte Surrounds","Limestone Coast","South Australia - South East","2395.0","4404.485","SA Water","","0","0","1044.0","7.0","1018.0","6.0","1049.0","8.0","1021.0","7.0","1632","84864","96961.0","472.63","787.03","1160.23","1343.83","1343.83","0.013859","0.008117","0.011966","0.013859","Low","Moderate","3.3","1.3796","IRSAD (Adv/Disadv)","-0.0765301168501296","1.39","1.2","1.39","0.81","137.96","3","4","0"
"407021156","Penola","Limestone Coast","South Australia - South East","3107.0","1514.3964","SA Water","","0","0","952.0","3.0","924.0","2.0","973.0","4.0","919.0","3.0","1314","68328","78068.0","472.63","787.03","1160.23","1343.83","1343.83","0.017214","0.010081","0.014862","0.017214","Low","Moderate","4.3","1.9197","Population","-0.0491941529403317","1.72","1.49","1.72","1.01","191.97","3","4","0"
"407021157","Tatiara","Limestone Coast","South Australia - South East","6891.0","6527.2342","SA Water","","0","0","982.0","4.0","950.0","3.0","1004.0","6.0","926.0","3.0","1470","76440","87336.0","472.63","787.03","1160.23","1343.83","1343.83","0.015387","0.009012","0.013285","0.015387","Low","Moderate","9.6","1.6256","IER (Econ Resources)","-0.109228189626581","1.54","1.33","1.54","0.9","162.56","3","4","0"
"407021158","Wattle Range","Limestone Coast","South Australia - South East","3470.0","2281.8815","SA Water","","0","0","987.0","4.0","945.0","3.0","1008.0","6.0","923.0","3.0","1351","70252","80266.0","472.63","787.03","1160.23","1343.83","1343.83","0.016742","0.009805","0.014455","0.016742","Low","Moderate","4.8","1.8437","IER (Econ Resources)","-0.1291285729727105","1.67","1.45","1.67","0.98","184.37","3","4","0"
"407021173","Mount Gambier - East","Limestone Coast","South Australia - South East","14947.0","66.7535","SA Water","","0","0","941.0","2.0","907.0","2.0","951.0","3.0","887.0","1.0","1348","70096","80088.0","472.63","787.03","1160.23","1343.83","1343.83","0.016779","0.009827","0.014487","0.016779","Low","Moderate","20.7","1.8496","Population","-0.122709016057586","1.68","1.45","1.68","0.98","184.96","3","4","0"
"407021174","Mount Gambier - West","Limestone Coast","South Australia - South East","14499.0","126.5343","SA Water","","0","0","931.0","2.0","899.0","2.0","932.0","2.0","889.0","1.0","1210","62920","71889.0","472.63","787.03","1160.23","1343.83","1343.83","0.018693","0.010948","0.016139","0.018693","Low","High","40.2","2.4426","Population","-0.1192593378141135","1.87","1.61","1.87","1.09","244.26","2","4","1"
"407031159","Barmera","Murray and Mallee","South Australia - South East","6401.0","856.1907","SA Water","","0","0","937.0","2.0","908.0","2.0","966.0","3.0","886.0","1.0","1245","64740","73968.0","472.63","787.03","1160.23","1343.83","1343.83","0.018168","0.01064","0.015686","0.018168","Low","High","17.8","2.1616","Population","-0.0596092686328208","1.82","1.57","1.82","1.06","216.16","2","4","1"
"407031160","Berri","Murray and Mallee","South Australia - South East","4143.0","12.0822","SA Water","","0","0","860.0","1.0","854.0","1.0","871.0","1.0","876.0","1.0","1039","54028","61729.0","472.63","787.03","1160.23","1343.83","1343.83","0.02177","0.01275","0.018796","0.02177","Moderate","Critical","23.0","4.0789","Population","0.135915090179932","2.18","1.88","2.18","1.27","407.89","1","3","1"
"407031161","Karoonda - Lameroo","Murray and Mallee","South Australia - South East","2921.0","10548.6359","SA Water","","0","0","984.0","4.0","952.0","4.0","982.0","4.0","945.0","4.0","1189","61828","70641.0","472.63","787.03","1160.23","1343.83","1343.83","0.019023","0.011141","0.016424","0.019023","Low","High","8.1","2.6192","IRSAD (Adv/Disadv)","-0.0727620821475595","1.9","1.64","1.9","1.11","261.92","2","4","1"
"407031162","Loxton","Murray and Mallee","South Australia - South East","5575.0","146.0888","SA Water","","0","0","965.0","3.0","929.0","3.0","969.0","4.0","918.0","3.0","1208","62816","71770.0","472.63","787.03","1160.23","1343.83","1343.83","0.018724","0.010966","0.016166","0.018724","Low","High","15.5","2.4592","IRSAD (Adv/Disadv)","-0.0836980287832014","1.87","1.62","1.87","1.1","245.92","2","4","1"
"407031163","Loxton Surrounds","Murray and Mallee","South Australia - South East","1742.0","4790.3357","SA Water","","0","0","984.0","4.0","957.0","4.0","1003.0","6.0","946.0","4.0","1300","67600","77236.0","472.63","787.03","1160.23","1343.83","1343.83","0.017399","0.01019","0.015022","0.017399","Low","Moderate","2.4","1.9495","IER (Econ Resources)","-0.0929519059981534","1.74","1.5","1.74","1.02","194.95","3","4","0"
"407031164","Mannum","Murray and Mallee","South Australia - South East","6594.0","3287.9008","SA Water","","0","0","914.0","2.0","884.0","1.0","950.0","3.0","882.0","1.0","901","46852","53530.0","472.63","787.03","1160.23","1343.83","1343.83","0.025104","0.014703","0.021674","0.025104","Moderate","Critical","36.6","6.6095","IRSAD (Adv/Disadv)","0.1058027778365929","2.51","2.17","2.51","1.47","660.95","1","3","1"
"407031165","Murray Bridge","Murray and Mallee","South Australia - South East","18243.0","97.5456","SA Water","","0","0","873.0","1.0","852.0","1.0","907.0","1.0","839.0","1.0","1077","56004","63987.0","472.63","787.03","1160.23","1343.83","1343.83","0.021002","0.0123","0.018132","0.021002","Moderate","High","50.6","3.6784","Population","-0.2063121501639811","2.1","1.81","2.1","1.23","367.84","2","3","1"
"407031166","Murray Bridge Surrounds","Murray and Mallee","South Australia - South East","3732.0","1924.5348","SA Water","","0","0","986.0","4.0","942.0","3.0","1007.0","6.0","925.0","3.0","1294","67288","76879.0","472.63","787.03","1160.23","1343.83","1343.83","0.01748","0.010237","0.015092","0.01748","Low","Moderate","5.2","1.9625","IER (Econ Resources)","-0.1223589903974345","1.75","1.51","1.75","1.02","196.25","3","4","0"
"407031167","Renmark","Murray and Mallee","South Australia - South East","4705.0","14.6561","SA Water","","0","0","863.0","1.0","858.0","1.0","882.0","1.0","859.0","1.0","1017","52884","60422.0","472.63","787.03","1160.23","1343.83","1343.83","0.022241","0.013026","0.019202","0.022241","Moderate","Critical","26.1","4.4364","IRSAD (Adv/Disadv)","0.1365638443287247","2.22","1.92","2.22","1.3","443.64","1","3","1"
"407031168","Renmark Surrounds","Murray and Mallee","South Australia - South East","5080.0","901.7859","SA Water","","0","0","978.0","4.0","937.0","3.0","1011.0","6.0","897.0","2.0","1459","75868","86682.0","472.63","787.03","1160.23","1343.83","1343.83","0.015503","0.00908","0.013385","0.015503","Low","Moderate","7.1","1.6442","IER (Econ Resources)","-0.1333269936892112","1.55","1.34","1.55","0.91","164.42","3","4","0"
"407031169","The Coorong","Murray and Mallee","South Australia - South East","5473.0","8644.9956","SA Water","","0","0","939.0","2.0","911.0","2.0","956.0","3.0","910.0","2.0","1085","56420","64462.0","472.63","787.03","1160.23","1343.83","1343.83","0.020847","0.012209","0.017999","0.020847","Moderate","High","15.2","3.5954","Population","-0.0456776014954469","2.08","1.8","2.08","1.22","359.54","2","3","1"
"407031170","Waikerie","Murray and Mallee","South Australia - South East","6646.0","5557.8467","SA Water","","0","0","926.0","2.0","893.0","2.0","950.0","3.0","874.0","1.0","1027","53404","61016.0","472.63","787.03","1160.23","1343.83","1343.83","0.022024","0.012899","0.019015","0.022024","Moderate","Critical","36.9","4.2717","IRSAD (Adv/Disadv)","0.1162086853955765","2.2","1.9","2.2","1.29","427.17","1","3","1"
"497979799","Migratory - Offshore - Shipping (SA)","Migratory - Offshore - Shipping (SA)","Migratory - Offshore - Shipping (SA)","","","SA Water","","0","0","","","","","","","","","0","0","","472.63","787.03","1160.23","1343.83","1343.83","","","","","Unknown","Unknown","","","","","","","","","","5","5","0"
"499999499","No usual address (SA)","No usual address (SA)","No usual address (SA)","","","SA Water","","0","0","","","","","","","","","0","0","","472.63","787.03","1160.23","1343.83","1343.83","","","","","Unknown","Unknown","","","","","","","","","","5","5","0"
