SA2_CODE21,SA2_NAME21,burden_tier_rel,burden_tier_abs,top_critical_driver,top_critical_driver_shap,shap_irsd_score,shap_irsad_score,shap_ier_score,shap_ieo_score,shap_population,shap_AREASQKM21,irsd_score,irsad_score,ier_score,ieo_score,population,AREASQKM21
401011001,Adelaide,Moderate,Low,IRSAD (Adv/Disadv),-0.08811160215188749,-0.009793977618665368,-0.08811160215188749,0.016802597999488352,-0.07839218972122484,-0.0824866727990419,-0.00398256486158778,980.0,1045.0,814.0,1134.0,18202.0,10.4824
401011002,North Adelaide,Low,Low,IRSAD (Adv/Disadv),-0.07368646913647918,-0.06572092481758042,-0.07368646913647918,0.009058632000059592,-0.06991038555402339,0.004090118627877565,-0.03979538027277313,1058.0,1088.0,960.0,1145.0,6823.0,5.0909
401021003,Adelaide Hills,Low,Low,IRSAD (Adv/Disadv),-0.06874446997814997,-0.06036098933028603,-0.06874446997814997,-0.06826111390692485,-0.05078600944554919,0.003079535452568388,-0.00422469527791046,1062.0,1029.0,1077.0,1009.0,7051.0,364.439
401021004,Aldgate - Stirling,Low,Low,IRSAD (Adv/Disadv),-0.06097900594792101,-0.051299990480722174,-0.06097900594792101,-0.056958068867463324,-0.04508067103770691,-0.03898877106856338,0.004008764916124506,1100.0,1098.0,1101.0,1116.0,18208.0,117.2141
401021005,Hahndorf - Echunga,Low,Low,IRSAD (Adv/Disadv),-0.07487646033101301,-0.06501045758162281,-0.07487646033101301,-0.07253164708927828,-0.05765726103312565,0.01610629858586391,0.00467178496292353,1066.0,1047.0,1069.0,1042.0,4726.0,110.1516
401021006,Lobethal - Woodside,Moderate,Low,IER (Econ Resources),-0.06938667578471087,-0.06275638396360993,-0.06826772805607353,-0.06938667578471087,-0.05225322142264926,0.0012392429941375778,0.002127023746653914,1054.0,1019.0,1051.0,1012.0,9448.0,202.4981
401021007,Mount Barker,Moderate,Low,IRSAD (Adv/Disadv),-0.06310842079266206,-0.015764150722885853,-0.06310842079266206,-0.060810559724796535,-0.055327611808199964,-0.050399513268607865,-0.0038874861691000416,1028.0,997.0,1022.0,999.0,22113.0,54.1038
401021008,Mount Barker Surrounds,Low,Low,IER (Econ Resources),-0.07284540411702059,-0.048511473285398274,-0.07077773182599467,-0.07284540411702059,-0.05405261483696986,0.0028053337824746295,-0.005915852203343477,1047.0,1006.0,1068.0,989.0,6825.0,395.6659
401021009,Nairne,Low,Low,IER (Econ Resources),-0.07783351423969989,-0.040973085977106756,-0.07248542308498189,-0.07783351423969989,-0.06960094596543247,0.008634525723417037,0.002960701057551846,1034.0,991.0,1035.0,990.0,5327.0,24.8562
401021010,Uraidla - Summertown,Low,Low,IER (Econ Resources),-0.06737072898381669,-0.05896865834719103,-0.06721330571193174,-0.06737072898381669,-0.053101480822960755,-0.006738811218712442,0.004095242598360535,1087.0,1081.0,1083.0,1090.0,6042.0,119.1882
401031011,Burnside - Wattle Park,Low,Low,IRSAD (Adv/Disadv),-0.059054292870006166,-0.04860210167622499,-0.059054292870006166,-0.05252090687681723,-0.04406481542919923,-0.043926064750510356,-0.0011295608834942308,1082.0,1099.0,1055.0,1124.0,19066.0,11.305
401031012,Beaumont - Glen Osmond,Low,Low,IRSAD (Adv/Disadv),-0.07210792747757234,-0.0586338389762097,-0.07210792747757234,-0.06696574796799822,-0.053085418779510195,-0.003602030597884671,0.005097221312922898,1095.0,1118.0,1085.0,1139.0,10328.0,9.5264
401031013,Toorak Gardens,Low,Low,IRSAD (Adv/Disadv),-0.05532950099052973,-0.04642286811664992,-0.05532950099052973,-0.04709420700102715,-0.042834014414004515,-0.03227985718263892,-0.025337294781402193,1075.0,1095.0,1023.0,1133.0,16635.0,6.6869
401041014,Athelstone,Low,Low,IRSAD (Adv/Disadv),-0.06300759374681653,-0.05346903947549532,-0.06300759374681653,-0.05972309494207,-0.04810233464990315,0.0010093423697380352,-0.026005022041705357,1064.0,1037.0,1054.0,1029.0,9601.0,6.204
401041015,Paradise - Newton,Moderate,Low,IEO (Education/Occ),-0.09157506508727076,-0.0021663895651438713,-0.06830949496119679,0.012388577704184741,-0.09157506508727076,-0.08815019520351919,0.005181491293360267,998.0,986.0,963.0,1005.0,21601.0,9.2256
401041016,Rostrevor - Magill,Moderate,Low,IRSAD (Adv/Disadv),-0.07438918213657413,-0.014590132455995249,-0.07438918213657413,-0.02374510888258882,-0.06935823392478095,-0.06421757475814834,0.0003358230051686639,1027.0,1027.0,990.0,1054.0,23968.0,9.9383
401051017,Norwood (SA),Moderate,Low,IRSAD (Adv/Disadv),-0.0804836867004772,-0.03275410203615676,-0.0804836867004772,0.003937843831249267,-0.0803823257408683,-0.014185836727015656,-0.045429635112983625,1038.0,1060.0,946.0,1114.0,10849.0,3.8926
401051018,Payneham - Felixstow,Moderate,Low,IEO (Education/Occ),-0.08631387980492612,-0.009778716331245467,-0.08505560588766094,0.010719008782954478,-0.08631387980492612,-0.029637565696000786,-0.04923098354937353,1019.0,1020.0,965.0,1049.0,13122.0,5.2284
401051019,St Peters - Marden,Low,Low,IRSAD (Adv/Disadv),-0.060113398244350476,-0.051792744389989806,-0.060113398244350476,-0.047127691293524336,-0.04608755342670243,-0.01622594974552434,-0.02795040538616101,1058.0,1077.0,1005.0,1111.0,13515.0,5.9826
401061020,Nailsworth - Broadview,Low,Low,IRSAD (Adv/Disadv),-0.060507999900931767,-0.05554182242908956,-0.060507999900931767,-0.05160040531413627,-0.04962637221798459,-0.004493231899774279,-0.02752791072433599,1053.0,1053.0,1001.0,1081.0,6484.0,2.3161
401061021,Prospect,Low,Low,IRSAD (Adv/Disadv),-0.05923247149057392,-0.050598182341936,-0.05923247149057392,-0.04193279592701929,-0.04559621771070813,-0.02281213434405618,-0.02912594067195896,1055.0,1060.0,1000.0,1086.0,15785.0,5.4754
401061022,Walkerville,Low,Low,IRSAD (Adv/Disadv),-0.06130580899622542,-0.05249248757456932,-0.06130580899622542,-0.05911132689120183,-0.048903003533617526,0.0003319907729446877,-0.027817106263582917,1075.0,1097.0,1035.0,1123.0,8023.0,3.53
401071023,Goodwood - Millswood,Low,Low,IRSAD (Adv/Disadv),-0.05460625839690658,-0.04642965894135747,-0.05460625839690658,-0.04529815584269584,-0.04346237551453506,-0.036676017810685704,-0.022825275980071835,1066.0,1078.0,1011.0,1112.0,17650.0,7.1977
401071024,Unley - Parkside,Low,Low,IRSAD (Adv/Disadv),-0.0537544257681847,-0.04545404493174493,-0.0537544257681847,-0.0455588196586003,-0.04219777757053964,-0.0395765405974731,-0.02275613395970972,1068.0,1089.0,1016.0,1124.0,20998.0,7.0726
402011025,Gawler - North,Low,Low,IER (Econ Resources),-0.09970731731876573,-0.033553826115121366,-0.08105684707253204,-0.09970731731876573,-0.03015638797187762,0.003890368327009036,-0.0020470656682979368,1024.0,979.0,1045.0,949.0,9545.0,145.5294
402011026,Gawler - South,Moderate,Low,Population,-0.08613136884924169,0.008042385589063785,-0.04609859186006417,0.002459499364462781,-0.0333370151501303,-0.08613136884924169,0.00910068175299057,962.0,934.0,971.0,930.0,21662.0,76.7139
402011027,Lewiston - Two Wells,Low,Low,IER (Econ Resources),-0.12586155719902384,-0.009028371955153243,-0.03304303194728892,-0.12586155719902384,-0.009290877803363929,-0.01204165884673479,0.0033010885986456714,1009.0,958.0,1068.0,900.0,6505.0,84.6217
402021028,Craigmore - Blakeview,Moderate,Low,Population,-0.12368030629192703,0.015198326553968288,0.02303565980832295,-0.05685398998553362,-0.011818640457344124,-0.12368030629192703,-0.045178792113738646,953.0,919.0,992.0,897.0,19920.0,11.8809
402021029,Davoren Park,Moderate,Low,Population,-0.20271489826742237,0.022793158592498544,-0.0137954163549036,0.03151887547679567,0.017214601873560522,-0.20271489826742237,-0.0376473971401143,792.0,799.0,862.0,811.0,18313.0,9.4649
402021030,Elizabeth,Critical,Moderate,IRSD (Disadvantage),0.09889924019668647,0.09889924019668647,0.08813068351734221,0.09734526862186127,0.0917542740123647,0.009558904366106381,0.011680553466053624,646.0,717.0,758.0,773.0,10829.0,9.2607
402021031,Elizabeth East,Moderate,Low,Area (km²),-0.1389015795834575,0.027090297796856636,-0.004828413612839962,-0.005360920683849935,0.030334293086563494,-0.08429808615619153,-0.1389015795834575,834.0,838.0,894.0,845.0,14047.0,8.1823
402021032,Munno Para West - Angle Vale,Moderate,Low,Population,-0.07226759297580808,-0.008390511656880149,-0.048540587986533115,-0.06822901662045477,-0.016562952617094083,-0.07226759297580808,-0.018640413962815364,963.0,930.0,995.0,907.0,16215.0,44.3107
402021033,One Tree Hill,Low,Low,IRSAD (Adv/Disadv),-0.07367654429872313,-0.06354968414106801,-0.07367654429872313,-0.07291060069359269,-0.05458745717674194,0.00541982710847207,0.010006716715401437,1082.0,1042.0,1113.0,1001.0,2473.0,130.1511
402021034,Smithfield - Elizabeth North,High,Moderate,Area (km²),-0.12345712272592901,0.05398397640464718,0.06546491751114915,0.07074913874883082,0.06971206438355688,-0.05241738347517438,-0.12345712272592901,732.0,756.0,804.0,780.0,12446.0,7.987
402021035,Virginia - Waterloo Corner,Moderate,Low,IER (Econ Resources),-0.13781357883493725,0.020052613298091927,-0.06843876056287956,-0.13781357883493725,-0.01232416619942571,-0.021956106858056587,0.0011822566709548989,958.0,939.0,1015.0,917.0,5693.0,135.5661
402031036,Enfield - Blair Athol,Moderate,Low,Population,-0.12380869012216156,0.013116887566011218,0.003092175907319554,-0.01913722399373644,-0.05535848706144475,-0.12380869012216156,-0.030535738115573644,904.0,924.0,902.0,966.0,25578.0,15.1765
402031038,Windsor Gardens,Moderate,Low,IEO (Education/Occ),-0.08077903462308733,-0.0006128076202685864,-0.0663720819624938,0.002643169751533734,-0.08077903462308733,-0.07664137754098398,-0.027535610490952316,998.0,992.0,953.0,1025.0,22587.0,8.4298
402031175,Northgate - Northfield,Low,Low,IEO (Education/Occ),-0.07824722136860064,-0.005828155398551111,-0.06858059449953346,0.0028408791825108794,-0.07824722136860064,-0.06111750838358961,-0.03503180868515495,1010.0,1007.0,983.0,1035.0,18188.0,6.5508
402031176,Valley View - Gilles Plains,Moderate,Low,Area (km²),-0.06639706104797018,-0.015411637388666985,-0.031074605438243197,-0.001465345102690326,-0.06431077863078835,-0.017304981544559922,-0.06639706104797018,978.0,957.0,967.0,964.0,10504.0,4.683
402041040,Ingle Farm,Moderate,Low,Area (km²),-0.11534471557715775,0.018792886008055322,-0.044351459253539026,-0.003138536943450172,0.008833359366570958,-0.06742260942006514,-0.11534471557715775,954.0,929.0,959.0,923.0,15681.0,7.4263
402041041,Para Hills,Moderate,Low,Population,-0.06206036168636408,0.026109750225572964,-0.037154449250469075,1.9825551975457143e-05,-0.002369762571805601,-0.06206036168636408,-0.007176078088495275,959.0,931.0,983.0,919.0,15094.0,10.173
402041043,Parafield Gardens,Moderate,Low,Population,-0.15544124923792058,0.01899012705278632,0.025856691046155924,-0.0002993333717964978,-0.003980111430656717,-0.15544124923792058,-0.1177571998781543,880.0,884.0,946.0,891.0,18467.0,7.0272
402041044,Paralowie,Moderate,Low,Population,-0.17417969525116503,0.013114803526021922,0.012587799856757832,0.00024701533875890564,0.02659928467179649,-0.17417969525116503,-0.10766695062842271,888.0,878.0,959.0,867.0,17816.0,8.3213
402041046,Salisbury,High,Low,Population,-0.2146354736711529,0.02879391749342356,-0.011537018515053584,0.02702249393652484,0.03873489512430543,-0.2146354736711529,-0.03434322352096625,803.0,827.0,876.0,851.0,18594.0,10.7696
402041047,Salisbury East,Moderate,Low,Population,-0.14226825141891405,-0.007607230863030213,0.014088353699530248,-0.012635696278282454,-0.01909836872251458,-0.14226825141891405,-0.04844321556970772,940.0,916.0,973.0,905.0,18454.0,14.8505
402041048,Salisbury North,Moderate,Low,Population,-0.1997781387275034,0.02296524669889467,-0.011357839904780986,-0.01232307819781626,0.02760857040154919,-0.1997781387275034,-0.04307916942326228,829.0,836.0,908.0,846.0,18487.0,31.3003
402041171,Mawson Lakes - Globe Derby Park,Low,Low,IRSAD (Adv/Disadv),-0.08208041233112162,-0.033591187596447074,-0.08208041233112162,-0.045094281466041386,-0.06537479395488818,-0.021509084411175005,0.005018683940087591,1033.0,1026.0,997.0,1046.0,13855.0,9.6165
402041172,Pooraka - Cavan,Moderate,Low,Area (km²),-0.15736524957040757,0.01313866806870657,0.0048894672456308306,-0.017878088079383004,-0.002955854311465775,-0.03912668583933335,-0.15736524957040757,911.0,906.0,932.0,924.0,8080.0,7.4904
402051049,Golden Grove,Moderate,Low,IRSAD (Adv/Disadv),-0.07818642700711723,-0.032346057039460044,-0.07818642700711723,-0.07233289960170555,-0.061065433151929464,-0.005234839857582156,-0.00013208582845800326,1043.0,1016.0,1035.0,1004.0,10406.0,26.6144
402051050,Greenwith,Low,Low,IRSAD (Adv/Disadv),-0.06870633412923302,-0.029185925579883403,-0.06870633412923302,-0.06552467795699202,-0.05841536315815641,5.395481477531024e-05,-0.027519396476762666,1039.0,1004.0,1033.0,991.0,9017.0,6.0371
402051051,Highbury - Dernancourt,Low,Low,IRSAD (Adv/Disadv),-0.07022677172252142,-0.05825965447009802,-0.07022677172252142,-0.06377163638055784,-0.05155284263873645,-0.008502341465915783,0.0030155041915773174,1068.0,1042.0,1055.0,1041.0,11048.0,12.001
402051052,Hope Valley - Modbury,Moderate,Low,Population,-0.10071749817947039,-0.010451142362092589,-0.006142673004187063,0.006606377367833059,-0.06080684461996619,-0.10071749817947039,0.0022140383116309396,987.0,960.0,962.0,959.0,17496.0,10.3125
402051053,Modbury Heights,Moderate,Low,IRSAD (Adv/Disadv),-0.06305130317009736,-0.014230746812176813,-0.06305130317009736,-0.059270882140232906,-0.056330601321290766,-0.05470180980599354,0.0016209340968726504,1030.0,992.0,1013.0,983.0,19248.0,9.9089
402051054,Redwood Park,Low,Low,IER (Econ Resources),-0.06044893417903253,-0.053562279629622914,-0.058151721712163824,-0.06044893417903253,-0.03885882854061786,-0.0383520595964198,7.608117160461514e-05,1048.0,1000.0,1038.0,974.0,16276.0,14.1403
402051055,St Agnes - Ridgehaven,Moderate,Low,IER (Econ Resources),-0.07445424680458555,-0.021766069761332687,-0.07265252519165663,-0.07445424680458555,-0.05949757274858733,-0.02491716822308445,0.003989840242994379,1024.0,986.0,1005.0,977.0,13161.0,12.2999
403011056,Brighton (SA),Moderate,Low,IRSAD (Adv/Disadv),-0.05811887043220452,-0.04692709119570557,-0.05811887043220452,-0.048243350119578546,-0.04437325639752246,-0.023280344932194788,-0.028354829409046604,1048.0,1043.0,1013.0,1065.0,15191.0,5.9168
403011057,Glenelg (SA),Moderate,Low,IRSAD (Adv/Disadv),-0.06105133790328791,-0.03799042962410691,-0.06105133790328791,-0.015435553443106294,-0.057966010754094306,-0.04954050864988103,-0.02398056877844254,1047.0,1046.0,988.0,1062.0,20522.0,7.2232
403021058,Edwardstown,Moderate,Low,IEO (Education/Occ),-0.08190227010176493,-0.00423932319841966,-0.05811365189356548,-0.005497152069279558,-0.08190227010176493,-0.04759728459582623,-0.048614727294063215,985.0,983.0,924.0,1022.0,14563.0,5.5375
403021059,Hallett Cove,Low,Low,IRSAD (Adv/Disadv),-0.0668132061444848,-0.0567189008460985,-0.0668132061444848,-0.063183462404428,-0.04968680176492172,-0.016501985447038767,0.0036066141207196345,1057.0,1025.0,1052.0,1011.0,12609.0,9.2762
403021060,Marino - Seaview Downs,Low,Low,IRSAD (Adv/Disadv),-0.07215636702854297,-0.06066640782015924,-0.07215636702854297,-0.0696042907095184,-0.05312853851726796,0.0017584860662893476,0.004499375522947056,1060.0,1038.0,1042.0,1041.0,9703.0,12.2123
403021061,Mitchell Park,Moderate,Low,IEO (Education/Occ),-0.07772056857416709,0.009071436462986594,-0.027725140640702,-0.01469796195121458,-0.07772056857416709,-0.07046257765764487,-0.06109626345884374,959.0,957.0,914.0,999.0,16516.0,7.5686
403021062,Morphettville,Moderate,Low,IEO (Education/Occ),-0.0792986202423398,-0.005102171286324242,-0.06970807326942802,0.004757914493000426,-0.0792986202423398,-0.05621165167266425,-0.043735140508496424,1005.0,1000.0,960.0,1022.0,16531.0,6.2005
403021063,Sheidow Park - Trott Park,Low,Low,IER (Econ Resources),-0.07216451542310173,-0.0626471572875092,-0.06911152091958571,-0.07216451542310173,-0.0527852104418217,0.002710905519262974,0.008033089399836475,1058.0,1011.0,1057.0,987.0,10211.0,9.3899
403021064,Warradale,Moderate,Low,IEO (Education/Occ),-0.07837154101434868,-0.006449610195518982,-0.03980329967980775,-0.005050100499088391,-0.07837154101434868,-0.06384807210748536,-0.04910845232333651,984.0,977.0,939.0,1013.0,16190.0,6.0145
403031065,Belair,Low,Low,IRSAD (Adv/Disadv),-0.07546276350862045,-0.06445337430262532,-0.07546276350862045,-0.06993535673813465,-0.05784808372937147,0.01599975553549643,0.0024020802570031614,1106.0,1102.0,1097.0,1123.0,4896.0,24.7761
403031066,Bellevue Heights,Low,Low,IRSAD (Adv/Disadv),-0.07201530822759662,-0.060564369228060105,-0.07201530822759662,-0.06943707645195835,-0.05299119127832644,0.004204751038927491,0.0015054516607618442,1060.0,1048.0,1026.0,1071.0,7608.0,8.7154
403031067,Blackwood,Low,Low,IRSAD (Adv/Disadv),-0.06679122582653559,-0.05635396354244659,-0.06679122582653559,-0.06041333113816507,-0.04884228537223335,-0.016033133711688016,-0.0008638028951835974,1094.0,1085.0,1082.0,1104.0,12963.0,16.928
403031068,Colonel Light Gardens,Low,Low,IRSAD (Adv/Disadv),-0.058350799238754844,-0.048608334620497524,-0.058350799238754844,-0.0501117992355837,-0.04400888414827571,-0.02163466311592687,-0.02658326212721378,1064.0,1063.0,1033.0,1081.0,15842.0,6.761
403031069,Mitcham (SA),Low,Low,IRSAD (Adv/Disadv),-0.0620440394397577,-0.050967382495586716,-0.0620440394397577,-0.05480177772511645,-0.04568528255971517,-0.03569561419179545,-0.0001036460742807987,1087.0,1100.0,1059.0,1125.0,16506.0,11.4472
403031070,Panorama,Moderate,Low,IRSAD (Adv/Disadv),-0.07407949373745289,-0.03198817936407545,-0.07407949373745289,-0.043613992875683225,-0.06505201478271588,0.0014569298968776024,-0.029354324956535872,1033.0,1023.0,998.0,1048.0,8475.0,5.7425
403041071,Aberfoyle Park,Low,Low,IER (Econ Resources),-0.06487860808128296,-0.05631793903043404,-0.06477876896346324,-0.06487860808128296,-0.0523962018521344,-0.01245805592553699,0.0015318313665994819,1049.0,1012.0,1046.0,1007.0,11911.0,13.8426
403041072,Aldinga,Moderate,Low,IER (Econ Resources),-0.058273777377085785,-0.012597027751874025,-0.04542690223726108,-0.058273777377085785,-0.035168337681711605,-0.041433888164297036,-0.0030644759406893763,970.0,931.0,988.0,931.0,15923.0,35.3303
403041073,Christie Downs,High,Low,Area (km²),-0.104892962225318,0.0726416972436867,0.043559510096711475,0.06284768285116986,0.050136929018622,-0.020257266137790962,-0.104892962225318,862.0,850.0,872.0,870.0,9475.0,8.5727
403041074,Christies Beach,Moderate,Low,Area (km²),-0.1213441436426681,0.009876030611883628,0.017383870188533816,-0.019430483761915782,-0.03221043245397706,-0.036905916761442316,-0.1213441436426681,946.0,920.0,930.0,928.0,11050.0,7.2165
403041075,Clarendon,Low,Low,IRSAD (Adv/Disadv),-0.0730218688640324,-0.06228907714914298,-0.0730218688640324,-0.07192129305476253,-0.0550192056755508,0.005673390274787611,0.0072803119824488725,1086.0,1056.0,1098.0,1038.0,2729.0,123.3732
403041076,Coromandel Valley,Low,Low,IRSAD (Adv/Disadv),-0.06814081785023081,-0.06069992564018436,-0.06814081785023081,-0.06339897472504648,-0.05302832571006315,0.021715637940784842,-0.02574533650151225,1099.0,1077.0,1099.0,1087.0,4469.0,4.4154
403041077,Flagstaff Hill,Low,Low,IRSAD (Adv/Disadv),-0.07051903981434657,-0.059117924448245825,-0.07051903981434657,-0.06638624791998363,-0.05223777035019788,-0.006400663880568115,0.005363903927089812,1068.0,1043.0,1065.0,1039.0,10784.0,9.7527
403041078,Hackham - Onkaparinga Hills,Moderate,Low,IER (Econ Resources),-0.08598227255438899,-0.025331844370541656,-0.00757219126252606,-0.08598227255438899,-0.021925001444626755,-0.014732291395208765,-0.040420808125626914,965.0,922.0,990.0,898.0,6875.0,23.6436
403041079,Hackham West - Huntfield Heights,High,Low,Area (km²),-0.16738219830455342,0.02702877098186903,-0.011244323441079803,0.0008247906492451125,0.027926929021091982,-0.026451711392825445,-0.16738219830455342,850.0,831.0,888.0,847.0,7818.0,4.374
403041080,Happy Valley,Moderate,Low,IER (Econ Resources),-0.07004515259527593,-0.034479367746322064,-0.06957958201792541,-0.07004515259527593,-0.05691791759766196,-0.018890162949882768,0.0006144404208159806,1045.0,997.0,1031.0,985.0,13864.0,10.17
403041081,Happy Valley Reservoir,Moderate,Low,Area (km²),-0.04189578763336247,0.010393305863143054,-0.015513261869935156,0.009335129759149614,-0.01781104586448436,0.022860583925903632,-0.04189578763336247,990.0,959.0,983.0,954.5,9967.5,6.5089
403041082,Lonsdale,Critical,Moderate,IEO (Education/Occ),0.10434764733812456,0.029790790386355563,0.018725332224556294,0.031016209061853997,0.10434764733812456,0.07924173278870271,0.08091387904748784,990.0,959.0,983.0,882.0,23.0,9.8401
403041083,McLaren Vale,Moderate,Low,IER (Econ Resources),-0.07650722683895346,-0.04779254877838603,-0.07263951721008394,-0.07650722683895346,-0.060054281493075415,0.003236010154441954,0.004459821679804597,1047.0,1010.0,1048.0,992.0,7344.0,119.5749
403041084,Morphett Vale - East,Moderate,Low,Area (km²),-0.12043312284055965,0.00814599034804225,0.0043547338230665155,-0.005970769495449006,-0.013984844875880736,-0.09140972944547165,-0.12043312284055965,950.0,908.0,953.0,892.0,13863.0,7.6836
403041085,Morphett Vale - West,Moderate,Low,Area (km²),-0.17757624513185757,0.015116147937457653,0.023566884228059578,-0.009726218940967368,0.03443392231695061,-0.06177889956256175,-0.17757624513185757,912.0,876.0,923.0,875.0,10138.0,5.0775
403041086,Reynella,Moderate,Low,IRSAD (Adv/Disadv),-0.053741970378535384,-0.0029533452229703,-0.053741970378535384,-0.0008902847535802202,-0.04354452287826368,-0.007694103793372614,-0.05047351545953015,990.0,944.0,983.0,931.0,10286.0,7.7053
403041088,Willunga,Low,Low,IRSAD (Adv/Disadv),-0.07381647191164689,-0.06332498252934195,-0.07381647191164689,-0.07233306944145214,-0.05555276364485785,0.010002470799828814,0.005727074241217745,1056.0,1026.0,1065.0,1028.0,3604.0,85.1868
403041089,Woodcroft,Moderate,Low,IER (Econ Resources),-0.09062741122039214,-0.03768926201692771,-0.06749097575299408,-0.09062741122039214,-0.023149644141911188,-0.017110966526823042,0.0034371838394625796,1033.0,985.0,1030.0,954.0,11552.0,13.5274
403041177,Seaford - Seaford Meadows,Moderate,Low,Population,-0.05937100737528634,0.010109065099620715,-0.04574047134977753,-0.04270987667716085,-0.04335567626804247,-0.05937100737528634,0.011770224084394109,991.0,951.0,987.0,942.0,14177.0,11.4713
403041178,Seaford Rise - Moana,Moderate,Low,IER (Econ Resources),-0.11383652677288802,-0.012895306581178162,-0.02832473826473523,-0.11383652677288802,-0.03078959589562229,-0.010430426306624803,0.02031218466812945,1002.0,962.0,1008.0,950.0,10629.0,12.1052
404011090,Beverley,Moderate,Low,IEO (Education/Occ),-0.09798286886915861,-0.007402861843801974,-0.06924647741811729,0.008287378126782718,-0.09798286886915861,0.0071562205652910705,-0.04010913304724836,1006.0,987.0,970.0,995.0,8897.0,4.2061
404011091,Flinders Park,Moderate,Low,IEO (Education/Occ),-0.08554331477941084,-0.008535311582887686,-0.0628875457223161,0.0004996391850521848,-0.08554331477941084,-0.054362847939231816,-0.0384683616474581,1004.0,989.0,973.0,993.0,16361.0,6.3972
404011092,Henley Beach,Low,Low,IRSAD (Adv/Disadv),-0.05777912721255712,-0.04814860771114114,-0.05777912721255712,-0.049166677434368984,-0.04364554721339541,-0.02217431926387505,-0.02838346365091473,1049.0,1043.0,1015.0,1043.0,15634.0,5.9563
404011093,Hindmarsh - Brompton,Moderate,Low,IEO (Education/Occ),-0.0769461564333254,0.004666578311167551,-0.0687661253883246,-0.0023320456120592614,-0.0769461564333254,-0.07064495216074924,-0.03527504120296134,995.0,1004.0,936.0,1049.0,19076.0,7.896
404011094,Royal Park - Hendon - Albert Park,Moderate,Low,Area (km²),-0.06868861035599469,0.009311330956559205,-0.056723351402295445,-0.01344844801853362,-0.043121855719938686,-0.01329347461271586,-0.06868861035599469,958.0,940.0,937.0,946.0,6499.0,3.246
404011095,Seaton - Grange,Moderate,Low,IEO (Education/Occ),-0.08340148829556142,0.01235796665731738,-0.06130370862983743,0.0065787142701494725,-0.08340148829556142,-0.07289124172701447,-0.04063798476130582,991.0,979.0,966.0,986.0,17501.0,8.2533
404011096,West Lakes,Moderate,Low,IRSAD (Adv/Disadv),-0.07114552889500902,-0.013205174077643144,-0.07114552889500902,-0.055124990336604535,-0.06068878066542413,-0.031693396027832624,-0.01743987248373884,1027.0,1011.0,1003.0,1006.0,15205.0,8.5515
404011097,Woodville - Cheltenham,Moderate,Low,Population,-0.10542608210959842,0.01162198978676661,-0.02931347783720264,-0.014479986817699398,-0.0659877636744077,-0.10542608210959842,-0.009045755167443938,956.0,955.0,942.0,976.0,19269.0,8.8122
404021099,Largs Bay - Semaphore,Moderate,Low,IEO (Education/Occ),-0.08720775305935638,-0.007713426066103291,-0.07030093769023639,0.0004115872142932772,-0.08720775305935638,-0.04001027992630927,-0.04114359962520697,1009.0,993.0,974.0,1001.0,14807.0,6.7241
404021100,North Haven,Moderate,Low,Population,-0.0623242778446271,-0.014474261044441734,-0.052108208527999314,-0.01177597869723836,-0.04908832833165775,-0.0623242778446271,-0.012860021373621258,969.0,942.0,957.0,934.0,14800.0,14.8433
404021101,Port Adelaide,Moderate,Low,Population,-0.07208771765910535,0.01513863159608348,0.006767574122725127,-0.020968886518472857,-0.05788035396220388,-0.07208771765910535,-0.04360032339861213,917.0,913.0,909.0,927.0,11589.0,12.972
404021102,The Parks,Moderate,Low,Population,-0.1588859292484444,0.018861191661688825,0.026977686127334196,-0.010830888690034996,-0.04263110740968775,-0.1588859292484444,-0.0427886949271081,876.0,902.0,892.0,942.0,19645.0,18.2633
404021103,Torrens Island,Critical,Moderate,Area (km²),0.07492071891839658,0.02004889716537405,-0.003147565575575928,0.021002036247205633,-0.01587763849458578,0.03708914258626641,0.07492071891839658,990.0,959.0,983.0,954.5,9967.5,8.8253
404031105,Fulham,Low,Low,IRSAD (Adv/Disadv),-0.06532402975657713,-0.05740064602929038,-0.06532402975657713,-0.059939605676436886,-0.051009264899814694,0.00856772981982437,-0.024191925943957582,1051.0,1039.0,1019.0,1034.0,2920.0,1.3212
404031106,Lockleys,Moderate,Low,IEO (Education/Occ),-0.08377011235720683,-0.01579513083823437,-0.07865804981584011,0.0025184261773770703,-0.08377011235720683,-0.027579406220616595,-0.04268013609839808,1026.0,1018.0,981.0,1023.0,13452.0,5.702
404031107,Plympton,Moderate,Low,IEO (Education/Occ),-0.08056329803794668,-0.008276848181381118,-0.0784748522537793,0.005226441451010654,-0.08056329803794668,-0.07485056354085941,-0.005691955256629692,1015.0,1006.0,952.0,1027.0,26480.0,10.6969
404031108,Richmond (SA),Moderate,Low,IEO (Education/Occ),-0.0896072569137979,0.006808836747528531,-0.0782998719026388,-0.005348732716331384,-0.0896072569137979,-0.07458207571495103,0.005064691347271492,995.0,999.0,935.0,1038.0,17022.0,8.9253
404031109,West Beach,Low,Low,IRSAD (Adv/Disadv),-0.06574421506747471,-0.05984585537372679,-0.06574421506747471,-0.060103972874811486,-0.051988762799744036,0.014420589719026529,-0.02603552608952174,1059.0,1050.0,1025.0,1042.0,5175.0,4.5068
405011110,Barossa - Angaston,Moderate,Low,IER (Econ Resources),-0.09969944949082349,-0.014906911983228719,-0.064555737780316,-0.09969944949082349,-0.042498826432026085,-0.010239403602400991,-0.017397413197457086,1003.0,969.0,1026.0,957.0,6486.0,633.8622
405011111,Light,Moderate,Low,IER (Econ Resources),-0.11152281131091717,-0.02225347271034737,-0.05147198384291378,-0.11152281131091717,-0.03509906403426114,0.005711856023803689,-0.02799559994495013,1005.0,959.0,1032.0,935.0,9797.0,1111.6724
405011112,Lyndoch,Moderate,Low,IER (Econ Resources),-0.08231299932484039,-0.04186863331904032,-0.07884317240575513,-0.08231299932484039,-0.04493248723482874,-0.0032071211918786205,0.0018666709900908769,1044.0,1001.0,1064.0,971.0,6544.0,175.7742
405011113,Mallala,Moderate,Low,IER (Econ Resources),-0.10783061788634536,0.01098624647188348,0.02940660249464978,-0.10783061788634536,0.03970407279339488,-0.004481485634434206,-0.04041589405873436,946.0,914.0,987.0,881.0,3335.0,847.8696
405011114,Nuriootpa,Moderate,Low,IER (Econ Resources),-0.0918143038710213,-0.01957951493455921,-0.07310737596223162,-0.0918143038710213,-0.013069292620626515,-0.004217470639533798,-0.01750978445827972,985.0,941.0,995.0,914.0,7157.0,50.6409
405011115,Tanunda,Moderate,Low,IRSAD (Adv/Disadv),-0.08485524308020465,-0.024423894727956547,-0.08485524308020465,-0.08155486850666346,-0.07631197865350783,0.02195402051858264,0.005894221963497472,1029.0,996.0,1009.0,984.0,4666.0,17.3326
405021116,Clare,Moderate,Low,IEO (Education/Occ),-0.07609798055983888,-0.031556884553950885,-0.07455537972565547,-0.0036687461744057564,-0.07609798055983888,0.02049211928787856,0.006089129239719956,1008.0,970.0,985.0,957.0,4096.0,74.203
405021117,Gilbert Valley,High,Low,IER (Econ Resources),-0.09660028853114506,-0.014778945792292011,-0.05850632741629196,-0.09660028853114506,-0.05993331195074886,0.010666229696718163,-0.023478431825825936,989.0,957.0,1001.0,963.0,5016.0,1675.3597
405021118,Goyder,Critical,Moderate,IRSAD (Adv/Disadv),0.11288983632750707,0.0813560336564287,0.11288983632750707,0.06558521981080491,0.060109138169178365,0.09208053899544776,0.06201482388771443,947.0,914.0,958.0,920.0,4079.0,6748.1529
405021119,Wakefield - Barunga West,High,Moderate,Population,-0.046661963552439685,-0.04067797235839492,0.019869017875360884,0.005322630618487146,-0.026119248539622344,-0.046661963552439685,0.005636460137023247,930.0,907.0,960.0,908.0,9500.0,5231.2432
405031120,Jamestown,High,Low,IEO (Education/Occ),-0.09179920165922514,-0.026402648903796348,-0.08498211233662623,-0.014480302784551438,-0.09179920165922514,0.012620252740105592,-0.014253729542158759,980.0,949.0,976.0,958.0,4596.0,3107.037
405031121,Peterborough - Mount Remarkable,Critical,Moderate,IRSAD (Adv/Disadv),0.12100437704795881,0.11121773565336308,0.12100437704795881,0.07641541495098969,0.07614659894189575,0.0676461419531763,0.05160532229969697,917.0,903.0,949.0,922.0,5341.0,9643.884
405031122,Port Pirie,Critical,Moderate,IRSAD (Adv/Disadv),0.12232808615850951,0.112275393198549,0.12232808615850951,0.0805251602505481,0.10646080002620265,-0.03616214882324345,0.04860830003651501,870.0,853.0,884.0,851.0,13896.0,75.2928
405031123,Port Pirie Surrounds,High,Low,IRSAD (Adv/Disadv),-0.08008427628430276,-0.02619069527356219,-0.08008427628430276,-0.02097226801814578,-0.05553135446762127,-0.018854432645528912,-0.030998049130424726,967.0,932.0,974.0,926.0,3335.0,1583.2661
405041124,Kadina,High,Low,Population,-0.04310157385756122,-0.03762029918426258,0.021389498825262032,0.004276002587982552,0.02564186861715819,-0.04310157385756122,-0.03321657280816471,937.0,897.0,958.0,877.0,5414.0,394.1203
405041125,Moonta,Critical,Moderate,IRSAD (Adv/Disadv),0.10734526334754971,0.048387036182791644,0.10734526334754971,0.06435140677686177,0.089063322153776,0.09423034407088932,0.047324884981879305,938.0,904.0,965.0,884.0,5217.0,271.9202
405041126,Wallaroo,Critical,Moderate,IRSAD (Adv/Disadv),0.13456070308585377,0.10770808050602267,0.13456070308585377,0.045895566909096776,0.12374216892913953,0.13408277693242143,0.04137962781788001,891.0,871.0,923.0,856.0,4426.0,146.5314
405041127,Yorke Peninsula - North,Critical,Moderate,IRSAD (Adv/Disadv),0.10070742435068389,0.094255177737117,0.10070742435068389,0.07158772968631169,0.0719673224886607,0.04025510124366605,0.07859616867397486,955.0,921.0,961.0,915.0,7458.0,3654.3884
405041128,Yorke Peninsula - South,Critical,Moderate,IRSAD (Adv/Disadv),0.11365338940146959,0.07466008601029477,0.11365338940146959,0.08277412032947518,0.05820310298653492,0.11323643024334731,0.06150846187595931,946.0,911.0,962.0,900.0,4142.0,2273.834
406011129,Ceduna,Moderate,Low,IRSAD (Adv/Disadv),-0.03724412695592957,0.001713360799556278,-0.03724412695592957,-0.011941560546904068,-0.01953345657377635,-0.03177861237593108,-0.03384668016660096,946.0,924.0,929.0,918.0,2697.0,413.3374
406011130,Eyre Peninsula,Moderate,Low,IER (Econ Resources),-0.0998872076985192,-0.02829916901068057,-0.06673482523528983,-0.0998872076985192,-0.03372161033951795,0.0007805573067745508,-0.014768820842352696,1008.0,965.0,1000.0,955.0,6824.0,7228.3655
406011131,Kimba - Cleve - Franklin Harbour,High,Low,IRSAD (Adv/Disadv),-0.07929087404469091,-0.018365994065930476,-0.07929087404469091,-0.051181207934280194,-0.060988447669659274,0.020019566266495425,-0.04615745170485344,990.0,953.0,990.0,948.0,4201.0,15184.3968
406011132,Le Hunte - Elliston,High,Low,IEO (Education/Occ),-0.08656140091597793,-0.01825926806627187,-0.02598504920343896,-0.0028989533551244673,-0.08656140091597793,-0.008729852509707658,-0.06019655176906485,984.0,961.0,973.0,971.0,2122.0,11387.2463
406011133,Port Lincoln,Moderate,Low,Population,-0.09242140669694388,-0.0016823596250029357,-0.0473671124662253,-0.0063609218718229535,-0.021377767427033154,-0.09242140669694388,0.0065784922674426965,962.0,926.0,953.0,906.0,16307.0,136.2831
406011134,West Coast (SA),High,Low,IRSAD (Adv/Disadv),-0.09752114451651998,0.0078078396033238245,-0.09752114451651998,0.004324688932365402,-0.07264354420243951,0.0010733784657417562,-0.04900562743539042,949.0,934.0,924.0,930.0,3646.0,31877.8466
406011135,Western,Moderate,Low,IEO (Education/Occ),-0.1308749452007753,0.07227247922326692,0.0577993512957209,0.058029013263246935,-0.1308749452007753,0.024276468724744937,-0.02413344312579009,644.0,823.0,641.0,1043.0,136.0,168946.0226
406011136,Whyalla,High,Low,Population,-0.23802778017116885,0.014273718443924466,0.03997790631087424,0.021444754363906922,0.03460601830958894,-0.23802778017116885,-0.034905693076711694,882.0,868.0,879.0,865.0,21154.0,40.8706
406021138,APY Lands,High,Low,IRSAD (Adv/Disadv),0.09632553218982015,0.09323211643554341,0.09632553218982015,0.06884825341985727,0.02685358159443459,0.03463343236601742,-0.032523991825258655,496.0,706.0,519.0,889.0,2333.0,102359.1511
406021140,Quorn - Lake Gilles,High,Moderate,IRSAD (Adv/Disadv),0.05663042470945022,0.0016507738830585004,0.05663042470945022,0.032218252456380055,0.013240220770782133,0.027284409593841583,-0.026988490566431576,940.0,914.0,945.0,897.0,2142.0,26107.329
406021141,Outback,High,Low,IRSAD (Adv/Disadv),-0.08131774321033708,-0.002445699864563115,-0.08131774321033708,-0.004121426599431177,-0.01871023707921656,-0.002164138514451342,-0.05720516388491972,942.0,926.0,901.0,912.0,2030.0,513391.3333
406021142,Port Augusta,Moderate,Low,Population,-0.1188051941358773,0.008174157200958335,0.037889945599825656,-0.016373674423710457,0.029499120713835213,-0.1188051941358773,-0.016348764107950296,885.0,874.0,889.0,869.0,13515.0,253.9025
406021143,Roxby Downs,Low,Low,IER (Econ Resources),-0.08872591606236722,-0.07987131607356455,-0.08864634904763678,-0.08872591606236722,-0.0006157932299717163,0.02201454014074197,-0.003452908213454242,1048.0,1004.0,1010.0,919.0,3976.0,288.3624
407011144,Goolwa - Port Elliot,Critical,Moderate,IRSAD (Adv/Disadv),-0.05971136494270545,-0.005255787531318911,-0.05971136494270545,0.0016241133033669383,-0.03587608976918348,-0.01432155064851014,0.01757627043543212,965.0,928.0,971.0,928.0,12516.0,180.8689
407011145,Kangaroo Island,High,Moderate,IRSAD (Adv/Disadv),-0.0859804224079976,-0.011322795782110628,-0.0859804224079976,-0.011872034133134483,-0.07824527621536029,0.006437755526500438,-0.03831496947414975,991.0,952.0,982.0,945.0,4894.0,4400.7382
407011146,Strathalbyn,Moderate,Low,IER (Econ Resources),-0.11765353088729655,-0.005926923068290826,-0.05867575442866028,-0.11765353088729655,-0.04027502981625913,0.004169328163428557,-0.004269165782507534,995.0,952.0,1018.0,939.0,7871.0,155.7859
407011147,Strathalbyn Surrounds,Moderate,Low,IER (Econ Resources),-0.09954407117036099,-0.021183701341058344,-0.0689075680830413,-0.09954407117036099,-0.04711181563727152,0.0032187756948216344,-0.015769361949341875,1015.0,978.0,1053.0,960.0,7969.0,1517.7954
407011148,Victor Harbor,Critical,Moderate,IRSD (Disadvantage),0.0835518634959493,0.0835518634959493,0.0823496571107163,0.06445712344237899,0.08052564406015357,0.01199739574523006,0.07782057365931956,961.0,925.0,968.0,924.0,15847.0,128.2644
407011149,Yankalilla,High,Moderate,IER (Econ Resources),-0.07880279603184973,-0.020840029084409867,-0.06933060607296883,-0.07880279603184973,-0.038718756592755886,-0.016070828534815586,-0.02220139283611915,984.0,949.0,997.0,946.0,6498.0,980.1341
407021150,Grant,Moderate,Low,IER (Econ Resources),-0.11914345997567936,-0.019277050328036907,-0.07197540342100146,-0.11914345997567936,0.0018894666308730095,-0.01393086084207852,-0.016860434550329158,1012.0,963.0,1045.0,920.0,6138.0,1690.9302
407021151,Kingston - Robe,High,Low,IRSAD (Adv/Disadv),-0.07524779235253007,-0.019105396593159022,-0.07524779235253007,-0.06538828112353277,-0.06023134503891608,0.0070753882943113255,-0.02973364900575889,995.0,959.0,994.0,932.0,3872.0,4431.5114
407021152,Millicent,Critical,Moderate,IRSAD (Adv/Disadv),0.1259303287980831,0.09497964440704101,0.1259303287980831,0.042528807597508426,0.11609368147626835,0.10310515896095898,0.03473130294055445,905.0,870.0,926.0,854.0,5245.0,177.4315
407021154,Naracoorte,Moderate,Low,Population,-0.061464917385323066,0.006341303759456579,-0.023327678102762116,0.01885319624505261,-0.028667023908421692,-0.061464917385323066,-0.024365956427588004,952.0,923.0,963.0,895.0,6293.0,115.23
407021155,Naracoorte Surrounds,Moderate,Low,IRSAD (Adv/Disadv),-0.07653011685012961,-0.03445774085196141,-0.07653011685012961,-0.07342162948469459,-0.06046680982530862,0.0027192800723021813,-0.003807392213126982,1044.0,1018.0,1049.0,1021.0,2395.0,4404.485
407021156,Penola,Moderate,Low,Population,-0.04919415294033174,0.009700612345352019,-0.027434069157380066,-0.0266520210505407,-0.013048660977249613,-0.04919415294033174,-0.03933611737276882,952.0,924.0,973.0,919.0,3107.0,1514.3964
407021157,Tatiara,Moderate,Low,IER (Econ Resources),-0.109228189626581,-0.020428708017366227,-0.07191832480504305,-0.109228189626581,-0.027454237305968025,0.002717701521805054,-0.0063193175864322895,982.0,950.0,1004.0,926.0,6891.0,6527.2342
407021158,Wattle Range,Moderate,Low,IER (Econ Resources),-0.1291285729727105,-0.01202819973394789,-0.07035040769533572,-0.1291285729727105,0.006291604957840271,0.0006400237186444614,-0.01138885742740977,987.0,945.0,1008.0,923.0,3470.0,2281.8815
407021173,Mount Gambier - East,Moderate,Low,Population,-0.12270901605758602,-0.010602931365757597,0.005595781527137628,-0.01005763731241088,-0.018155414220928243,-0.12270901605758602,-0.03336852505670713,941.0,907.0,951.0,887.0,14947.0,66.7535
407021174,Mount Gambier - West,High,Low,Population,-0.11925933781411355,-0.02514549287917712,0.016533080214550532,-0.01461933403295696,-0.019003214973645745,-0.11925933781411355,0.002196556999090657,931.0,899.0,932.0,889.0,14499.0,126.5343
407031159,Barmera,High,Low,Population,-0.0596092686328208,-0.03651329740908368,0.016420976958040453,0.012800498517590691,-0.004420623678189466,-0.0596092686328208,-0.02797602824178953,937.0,908.0,966.0,886.0,6401.0,856.1907
407031160,Berri,Critical,Moderate,Population,0.13591509017993206,0.12024435254839033,0.13430370592933555,0.09507845788441398,0.09925846756737444,0.13591509017993206,0.035902183404301104,860.0,854.0,871.0,876.0,4143.0,12.0822
407031161,Karoonda - Lameroo,High,Low,IRSAD (Adv/Disadv),-0.07276208214755954,-0.02113773067670208,-0.07276208214755954,-0.01010938709294001,-0.069767932784154,-0.009960831658169345,-0.06222644479339393,984.0,952.0,982.0,945.0,2921.0,10548.6359
407031162,Loxton,High,Low,IRSAD (Adv/Disadv),-0.08369802878320141,-0.0196684331754432,-0.08369802878320141,0.005812258542796835,-0.014202398034059798,-0.03170554983675104,-0.00583559119959375,965.0,929.0,969.0,918.0,5575.0,146.0888
407031163,Loxton Surrounds,Moderate,Low,IER (Econ Resources),-0.09295190599815349,-0.016035926067839493,-0.05932499537184271,-0.09295190599815349,-0.04846733390669956,-0.0027859692260653805,-0.029731611915651716,984.0,957.0,1003.0,946.0,1742.0,4790.3357
407031164,Mannum,Critical,Moderate,IRSAD (Adv/Disadv),0.10580277783659298,0.08879073049267548,0.10580277783659298,0.0628912795956694,0.06149143329870351,0.010076585494812473,0.05498278412862719,914.0,884.0,950.0,882.0,6594.0,3287.9008
407031165,Murray Bridge,High,Moderate,Population,-0.20631215016398116,0.02952069178819128,0.01157084923736134,-0.00285760063869992,0.02523703561091203,-0.20631215016398116,0.00021009834663097843,873.0,852.0,907.0,839.0,18243.0,97.5456
407031166,Murray Bridge Surrounds,Moderate,Low,IER (Econ Resources),-0.1223589903974345,-0.015323252133546222,-0.07482746575720264,-0.1223589903974345,-0.01578735223892041,0.008702713397372152,-0.019703395356520676,986.0,942.0,1007.0,925.0,3732.0,1924.5348
407031167,Renmark,Critical,Moderate,IRSAD (Adv/Disadv),0.1365638443287247,0.12851781244656052,0.1365638443287247,0.08694379733887113,0.1283637269427597,0.12183713769703808,0.025142605426459914,863.0,858.0,882.0,859.0,4705.0,14.6561
407031168,Renmark Surrounds,Moderate,Low,IER (Econ Resources),-0.1333269936892112,-0.01765425908081253,-0.07653670152733844,-0.1333269936892112,0.0005920301956627141,0.01393875689740732,-0.02964390861529363,978.0,937.0,1011.0,897.0,5080.0,901.7859
407031169,The Coorong,High,Moderate,Population,-0.045677601495446994,-0.02100471082906358,0.0403253448261919,0.013053619117344963,-0.025465545703830833,-0.045677601495446994,-0.010528848401447789,939.0,911.0,956.0,910.0,5473.0,8644.9956
407031170,Waikerie,Critical,Moderate,IRSAD (Adv/Disadv),0.1162086853955765,0.10402930515110884,0.1162086853955765,0.06547762376240938,0.0900809627011385,0.0201367864364467,0.0714355607337342,926.0,893.0,950.0,874.0,6646.0,5557.8467
